#﻿DROP DATABASE IF EXISTS Select_A1;

CREATE DATABASE Select_A1;

USE Select_A1;


CREATE TABLE `ABTEILUNG`(
    `ABTEILUNGSNR` INTEGER NOT NULL,
    `BEZEICHNUNG` VARCHAR(50),
    PRIMARY KEY (`ABTEILUNGSNR`)
);

INSERT INTO  ABTEILUNG  ( ABTEILUNGSNR ,  BEZEICHNUNG ) VALUES (1, 'Geschäftsführung');
INSERT INTO  ABTEILUNG  ( ABTEILUNGSNR ,  BEZEICHNUNG ) VALUES (2, 'Support');
INSERT INTO  ABTEILUNG  ( ABTEILUNGSNR ,  BEZEICHNUNG ) VALUES (3, 'Rechnungswesen');
INSERT INTO  ABTEILUNG  ( ABTEILUNGSNR ,  BEZEICHNUNG ) VALUES (4, 'Einkauf');
INSERT INTO  ABTEILUNG  ( ABTEILUNGSNR ,  BEZEICHNUNG ) VALUES (5, 'Vertrieb');
INSERT INTO  ABTEILUNG  ( ABTEILUNGSNR ,  BEZEICHNUNG ) VALUES (6, 'Verwaltung');


CREATE TABLE `ARTIKEL`(
    `ARTIKELNR` INTEGER NOT NULL,
    `BEZEICHNUNG` VARCHAR(50),
    `HERSTELLER` INTEGER,
    `NETTOPREIS` DECIMAL(10, 2 ),
    `MWST` INTEGER,
    `BESTAND` INTEGER,
    `MINDESTBESTAND` INTEGER,
    `KATEGORIE` INTEGER,
    `BESTELLVORSCHLAG` CHAR(1) DEFAULT '0',
    PRIMARY KEY (`ARTIKELNR`)
);


INSERT INTO  ARTIKEL  ( ARTIKELNR ,  BEZEICHNUNG ,  HERSTELLER ,  NETTOPREIS ,  MWST ,  BESTAND ,  MINDESTBESTAND ,  KATEGORIE ,  BESTELLVORSCHLAG ) VALUES (1, '106075', 1, 137.93, 2, 100, 10, 1, '1');
INSERT INTO  ARTIKEL  ( ARTIKELNR ,  BEZEICHNUNG ,  HERSTELLER ,  NETTOPREIS ,  MWST ,  BESTAND ,  MINDESTBESTAND ,  KATEGORIE ,  BESTELLVORSCHLAG ) VALUES (2, '106055', 1, 172.14, 2, 100, 10, 1, '1');
INSERT INTO  ARTIKEL  ( ARTIKELNR ,  BEZEICHNUNG ,  HERSTELLER ,  NETTOPREIS ,  MWST ,  BESTAND ,  MINDESTBESTAND ,  KATEGORIE ,  BESTELLVORSCHLAG ) VALUES (3, '753S', 2, 111.21, 2, 100, 10, 1, '1');
INSERT INTO  ARTIKEL  ( ARTIKELNR ,  BEZEICHNUNG ,  HERSTELLER ,  NETTOPREIS ,  MWST ,  BESTAND ,  MINDESTBESTAND ,  KATEGORIE ,  BESTELLVORSCHLAG ) VALUES (4, '757P', 2, 145.69, 2, 100, 10, 1, '1');
INSERT INTO  ARTIKEL  ( ARTIKELNR ,  BEZEICHNUNG ,  HERSTELLER ,  NETTOPREIS ,  MWST ,  BESTAND ,  MINDESTBESTAND ,  KATEGORIE ,  BESTELLVORSCHLAG ) VALUES (5, '1200NF', 2, 602.59, 2, 100, 10, 1, '0');
INSERT INTO  ARTIKEL  ( ARTIKELNR ,  BEZEICHNUNG ,  HERSTELLER ,  NETTOPREIS ,  MWST ,  BESTAND ,  MINDESTBESTAND ,  KATEGORIE ,  BESTELLVORSCHLAG ) VALUES (6, 'CanoScan LiDE 20', 7, 47.41, 2, 100, 10, 2, '1');
INSERT INTO  ARTIKEL  ( ARTIKELNR ,  BEZEICHNUNG ,  HERSTELLER ,  NETTOPREIS ,  MWST ,  BESTAND ,  MINDESTBESTAND ,  KATEGORIE ,  BESTELLVORSCHLAG ) VALUES (7, 'CanoScan 5000F', 7, 132.76, 2, 100, 10, 2, '0');
INSERT INTO  ARTIKEL  ( ARTIKELNR ,  BEZEICHNUNG ,  HERSTELLER ,  NETTOPREIS ,  MWST ,  BESTAND ,  MINDESTBESTAND ,  KATEGORIE ,  BESTELLVORSCHLAG ) VALUES (8, 'Perfection1670', 8, 81.03, 2, 100, 10, 2, '0');
INSERT INTO  ARTIKEL  ( ARTIKELNR ,  BEZEICHNUNG ,  HERSTELLER ,  NETTOPREIS ,  MWST ,  BESTAND ,  MINDESTBESTAND ,  KATEGORIE ,  BESTELLVORSCHLAG ) VALUES (9, 'ScanJet 2400', 4, 63.79, 2, 100, 10, 2, '1');
INSERT INTO  ARTIKEL  ( ARTIKELNR ,  BEZEICHNUNG ,  HERSTELLER ,  NETTOPREIS ,  MWST ,  BESTAND ,  MINDESTBESTAND ,  KATEGORIE ,  BESTELLVORSCHLAG ) VALUES (10, 'ScanJet 8290', 4, 1507.76, 2, 100, 10, 2, '1');
INSERT INTO  ARTIKEL  ( ARTIKELNR ,  BEZEICHNUNG ,  HERSTELLER ,  NETTOPREIS ,  MWST ,  BESTAND ,  MINDESTBESTAND ,  KATEGORIE ,  BESTELLVORSCHLAG ) VALUES (11, 'Millenium G450', 5, 81.03, 2, 100, 10, 3, '0');
INSERT INTO  ARTIKEL  ( ARTIKELNR ,  BEZEICHNUNG ,  HERSTELLER ,  NETTOPREIS ,  MWST ,  BESTAND ,  MINDESTBESTAND ,  KATEGORIE ,  BESTELLVORSCHLAG ) VALUES (12, 'Millenium G550', 5, 85.34, 2, 100, 10, 3, '0');
INSERT INTO  ARTIKEL  ( ARTIKELNR ,  BEZEICHNUNG ,  HERSTELLER ,  NETTOPREIS ,  MWST ,  BESTAND ,  MINDESTBESTAND ,  KATEGORIE ,  BESTELLVORSCHLAG ) VALUES (13, 'Millenium G650', 5, 137.07, 2, 100, 10, 3, '1');
INSERT INTO  ARTIKEL  ( ARTIKELNR ,  BEZEICHNUNG ,  HERSTELLER ,  NETTOPREIS ,  MWST ,  BESTAND ,  MINDESTBESTAND ,  KATEGORIE ,  BESTELLVORSCHLAG ) VALUES (14, 'Millenium P750', 5, 197.41, 2, 5, 10, 3, '1');
INSERT INTO  ARTIKEL  ( ARTIKELNR ,  BEZEICHNUNG ,  HERSTELLER ,  NETTOPREIS ,  MWST ,  BESTAND ,  MINDESTBESTAND ,  KATEGORIE ,  BESTELLVORSCHLAG ) VALUES (15, 'Parhelia 512', 5, 309.48, 2, 100, 10, 3, '1');
INSERT INTO  ARTIKEL  ( ARTIKELNR ,  BEZEICHNUNG ,  HERSTELLER ,  NETTOPREIS ,  MWST ,  BESTAND ,  MINDESTBESTAND ,  KATEGORIE ,  BESTELLVORSCHLAG ) VALUES (16, 'SV0802N', 2, 55.17, 2, 100, 10, 4, '1');
INSERT INTO  ARTIKEL  ( ARTIKELNR ,  BEZEICHNUNG ,  HERSTELLER ,  NETTOPREIS ,  MWST ,  BESTAND ,  MINDESTBESTAND ,  KATEGORIE ,  BESTELLVORSCHLAG ) VALUES (17, 'SP0802N', 2, 63.79, 2, 100, 10, 4, '0');
INSERT INTO  ARTIKEL  ( ARTIKELNR ,  BEZEICHNUNG ,  HERSTELLER ,  NETTOPREIS ,  MWST ,  BESTAND ,  MINDESTBESTAND ,  KATEGORIE ,  BESTELLVORSCHLAG ) VALUES (18, 'SV1203N', 2, 72.41, 2, 100, 10, 4, '1');
INSERT INTO  ARTIKEL  ( ARTIKELNR ,  BEZEICHNUNG ,  HERSTELLER ,  NETTOPREIS ,  MWST ,  BESTAND ,  MINDESTBESTAND ,  KATEGORIE ,  BESTELLVORSCHLAG ) VALUES (19, 'SP1604N', 2, 93.97, 2, 100, 10, 4, '1');
INSERT INTO  ARTIKEL  ( ARTIKELNR ,  BEZEICHNUNG ,  HERSTELLER ,  NETTOPREIS ,  MWST ,  BESTAND ,  MINDESTBESTAND ,  KATEGORIE ,  BESTELLVORSCHLAG ) VALUES (20, 'MHT2060AH', 9, 197.41, 2, 100, 10, 4, '0');
INSERT INTO  ARTIKEL  ( ARTIKELNR ,  BEZEICHNUNG ,  HERSTELLER ,  NETTOPREIS ,  MWST ,  BESTAND ,  MINDESTBESTAND ,  KATEGORIE ,  BESTELLVORSCHLAG ) VALUES (21, 'Aureon 5.1 Fun', 6, 33.62, 2, 100, 10, 5, '1');
INSERT INTO  ARTIKEL  ( ARTIKELNR ,  BEZEICHNUNG ,  HERSTELLER ,  NETTOPREIS ,  MWST ,  BESTAND ,  MINDESTBESTAND ,  KATEGORIE ,  BESTELLVORSCHLAG ) VALUES (22, 'Aureon 5.1 Fun Games', 6, 42.24, 2, 100, 10, 5, '1');
INSERT INTO  ARTIKEL  ( ARTIKELNR ,  BEZEICHNUNG ,  HERSTELLER ,  NETTOPREIS ,  MWST ,  BESTAND ,  MINDESTBESTAND ,  KATEGORIE ,  BESTELLVORSCHLAG ) VALUES (23, 'Aureon 5.1 Sky', 6, 68.1, 2, 100, 10, 5, '1');
INSERT INTO  ARTIKEL  ( ARTIKELNR ,  BEZEICHNUNG ,  HERSTELLER ,  NETTOPREIS ,  MWST ,  BESTAND ,  MINDESTBESTAND ,  KATEGORIE ,  BESTELLVORSCHLAG ) VALUES (24, 'Aureon 5.1 USB', 6, 85.34, 2, 100, 10, 5, '0');
INSERT INTO  ARTIKEL  ( ARTIKELNR ,  BEZEICHNUNG ,  HERSTELLER ,  NETTOPREIS ,  MWST ,  BESTAND ,  MINDESTBESTAND ,  KATEGORIE ,  BESTELLVORSCHLAG ) VALUES (25, 'Aureon 5.1 Universe', 6, 206.03, 2, 100, 10, 5, '0');
INSERT INTO  ARTIKEL  ( ARTIKELNR ,  BEZEICHNUNG ,  HERSTELLER ,  NETTOPREIS ,  MWST ,  BESTAND ,  MINDESTBESTAND ,  KATEGORIE ,  BESTELLVORSCHLAG ) VALUES (26, 'Internet Keyboard', 10, 17.23, 2, 100, 10, 6, '0');
INSERT INTO  ARTIKEL  ( ARTIKELNR ,  BEZEICHNUNG ,  HERSTELLER ,  NETTOPREIS ,  MWST ,  BESTAND ,  MINDESTBESTAND ,  KATEGORIE ,  BESTELLVORSCHLAG ) VALUES (27, 'Office Keyboard', 10, 25.85, 2, 100, 10, 6, '1');
INSERT INTO  ARTIKEL  ( ARTIKELNR ,  BEZEICHNUNG ,  HERSTELLER ,  NETTOPREIS ,  MWST ,  BESTAND ,  MINDESTBESTAND ,  KATEGORIE ,  BESTELLVORSCHLAG ) VALUES (28, 'Natural MultiMedia', 10, 23.28, 2, 100, 10, 6, '1');
INSERT INTO  ARTIKEL  ( ARTIKELNR ,  BEZEICHNUNG ,  HERSTELLER ,  NETTOPREIS ,  MWST ,  BESTAND ,  MINDESTBESTAND ,  KATEGORIE ,  BESTELLVORSCHLAG ) VALUES (29, 'MultiMedia Keyboard refresh', 10, 27.59, 2, 100, 10, 6, '0');
INSERT INTO  ARTIKEL  ( ARTIKELNR ,  BEZEICHNUNG ,  HERSTELLER ,  NETTOPREIS ,  MWST ,  BESTAND ,  MINDESTBESTAND ,  KATEGORIE ,  BESTELLVORSCHLAG ) VALUES (30, 'WL Optical Desctop for Bluetooth', 10, 128.45, 2, 100, 10, 6, '1');
INSERT INTO  ARTIKEL  ( ARTIKELNR ,  BEZEICHNUNG ,  HERSTELLER ,  NETTOPREIS ,  MWST ,  BESTAND ,  MINDESTBESTAND ,  KATEGORIE ,  BESTELLVORSCHLAG ) VALUES (31, 'DeskJet 3520', 4, 33.62, 2, 100, 10, 7, '1');
INSERT INTO  ARTIKEL  ( ARTIKELNR ,  BEZEICHNUNG ,  HERSTELLER ,  NETTOPREIS ,  MWST ,  BESTAND ,  MINDESTBESTAND ,  KATEGORIE ,  BESTELLVORSCHLAG ) VALUES (32, 'OfficeJet 7140xi', 4, 539.97, 2, 100, 10, 7, '0');
INSERT INTO  ARTIKEL  ( ARTIKELNR ,  BEZEICHNUNG ,  HERSTELLER ,  NETTOPREIS ,  MWST ,  BESTAND ,  MINDESTBESTAND ,  KATEGORIE ,  BESTELLVORSCHLAG ) VALUES (33, 'LaserJet 1150', 4, 240.51, 2, 100, 10, 7, '1');
INSERT INTO  ARTIKEL  ( ARTIKELNR ,  BEZEICHNUNG ,  HERSTELLER ,  NETTOPREIS ,  MWST ,  BESTAND ,  MINDESTBESTAND ,  KATEGORIE ,  BESTELLVORSCHLAG ) VALUES (34, 'i250', 7, 46.55, 2, 100, 10, 7, '1');
INSERT INTO  ARTIKEL  ( ARTIKELNR ,  BEZEICHNUNG ,  HERSTELLER ,  NETTOPREIS ,  MWST ,  BESTAND ,  MINDESTBESTAND ,  KATEGORIE ,  BESTELLVORSCHLAG ) VALUES (35, 'BJC-5500', 7, 645.69, 2, 100, 10, 7, '0');
INSERT INTO  ARTIKEL  ( ARTIKELNR ,  BEZEICHNUNG ,  HERSTELLER ,  NETTOPREIS ,  MWST ,  BESTAND ,  MINDESTBESTAND ,  KATEGORIE ,  BESTELLVORSCHLAG ) VALUES (36, 'Stylus C44 Plus', 8, 46.55, 2, 100, 10, 7, '0');
INSERT INTO  ARTIKEL  ( ARTIKELNR ,  BEZEICHNUNG ,  HERSTELLER ,  NETTOPREIS ,  MWST ,  BESTAND ,  MINDESTBESTAND ,  KATEGORIE ,  BESTELLVORSCHLAG ) VALUES (37, 'Stylus Photo R300', 8, 150, 2, 100, 10, 7, '1');
INSERT INTO  ARTIKEL  ( ARTIKELNR ,  BEZEICHNUNG ,  HERSTELLER ,  NETTOPREIS ,  MWST ,  BESTAND ,  MINDESTBESTAND ,  KATEGORIE ,  BESTELLVORSCHLAG ) VALUES (38, 'Basic Optical Mouse SB', 10, 12.07, 2, 100, 10, 10, '1');
INSERT INTO  ARTIKEL  ( ARTIKELNR ,  BEZEICHNUNG ,  HERSTELLER ,  NETTOPREIS ,  MWST ,  BESTAND ,  MINDESTBESTAND ,  KATEGORIE ,  BESTELLVORSCHLAG ) VALUES (39, 'Mouse Blue', 10, 25, 2, 100, 10, 10, '1');
INSERT INTO  ARTIKEL  ( ARTIKELNR ,  BEZEICHNUNG ,  HERSTELLER ,  NETTOPREIS ,  MWST ,  BESTAND ,  MINDESTBESTAND ,  KATEGORIE ,  BESTELLVORSCHLAG ) VALUES (40, 'Wireless InteliMouse Explorer BT', 10, 72.41, 2, 100, 10, 10, '0');
INSERT INTO  ARTIKEL  ( ARTIKELNR ,  BEZEICHNUNG ,  HERSTELLER ,  NETTOPREIS ,  MWST ,  BESTAND ,  MINDESTBESTAND ,  KATEGORIE ,  BESTELLVORSCHLAG ) VALUES (41, 'Windows 2000 Professional', 10, 124.14, 2, 100, 10, 8, '0');
INSERT INTO  ARTIKEL  ( ARTIKELNR ,  BEZEICHNUNG ,  HERSTELLER ,  NETTOPREIS ,  MWST ,  BESTAND ,  MINDESTBESTAND ,  KATEGORIE ,  BESTELLVORSCHLAG ) VALUES (42, 'Windows XP Home Edition', 10, 101.97, 2, 100, 10, 8, '1');
INSERT INTO  ARTIKEL  ( ARTIKELNR ,  BEZEICHNUNG ,  HERSTELLER ,  NETTOPREIS ,  MWST ,  BESTAND ,  MINDESTBESTAND ,  KATEGORIE ,  BESTELLVORSCHLAG ) VALUES (43, 'Office XP Pro', 10, 516.38, 2, 100, 10, 8, '1');
INSERT INTO  ARTIKEL  ( ARTIKELNR ,  BEZEICHNUNG ,  HERSTELLER ,  NETTOPREIS ,  MWST ,  BESTAND ,  MINDESTBESTAND ,  KATEGORIE ,  BESTELLVORSCHLAG ) VALUES (44, 'Visual Studio.NET 2003', 10, 1766.38, 2, 100, 10, 8, '1');
INSERT INTO  ARTIKEL  ( ARTIKELNR ,  BEZEICHNUNG ,  HERSTELLER ,  NETTOPREIS ,  MWST ,  BESTAND ,  MINDESTBESTAND ,  KATEGORIE ,  BESTELLVORSCHLAG ) VALUES (45, 'Works Suite 2004', 10, 93.97, 2, 100, 10, 8, '1');
INSERT INTO  ARTIKEL  ( ARTIKELNR ,  BEZEICHNUNG ,  HERSTELLER ,  NETTOPREIS ,  MWST ,  BESTAND ,  MINDESTBESTAND ,  KATEGORIE ,  BESTELLVORSCHLAG ) VALUES (46, 'SC-152A', 2, 13.79, 2, 100, 10, 9, '1');
INSERT INTO  ARTIKEL  ( ARTIKELNR ,  BEZEICHNUNG ,  HERSTELLER ,  NETTOPREIS ,  MWST ,  BESTAND ,  MINDESTBESTAND ,  KATEGORIE ,  BESTELLVORSCHLAG ) VALUES (47, 'SW252', 2, 33.62, 2, 100, 10, 9, '0');
INSERT INTO  ARTIKEL  ( ARTIKELNR ,  BEZEICHNUNG ,  HERSTELLER ,  NETTOPREIS ,  MWST ,  BESTAND ,  MINDESTBESTAND ,  KATEGORIE ,  BESTELLVORSCHLAG ) VALUES (48, 'SM-352', 2, 59.48, 2, 100, 10, 9, '1');
INSERT INTO  ARTIKEL  ( ARTIKELNR ,  BEZEICHNUNG ,  HERSTELLER ,  NETTOPREIS ,  MWST ,  BESTAND ,  MINDESTBESTAND ,  KATEGORIE ,  BESTELLVORSCHLAG ) VALUES (49, 'SD-616', 2, 25, 2, 100, 10, 9, '1');
INSERT INTO  ARTIKEL  ( ARTIKELNR ,  BEZEICHNUNG ,  HERSTELLER ,  NETTOPREIS ,  MWST ,  BESTAND ,  MINDESTBESTAND ,  KATEGORIE ,  BESTELLVORSCHLAG ) VALUES (50, 'SC-152A schwarz', 2, 14.66, 2, 100, 10, 9, '1');

















CREATE TABLE `BESTELLUNG`(
    `BESTELLNR` INTEGER NOT NULL,
    `KUNDENNR` INTEGER,
    `BESTELLDATUM` DATE,
    `LIEFERDATUM` DATE,
    `RECHNUNGSBETRAG` DECIMAL(10, 2 ),
    PRIMARY KEY (`BESTELLNR`)
);


#ALTER TABLE  BESTELLUNG  ADD FOREIGN KEY ( KUNDENNR ) REFERENCES KUNDE ( KUNDENNR );

INSERT INTO  BESTELLUNG  ( BESTELLNR ,  KUNDENNR ,  BESTELLDATUM ,  LIEFERDATUM ,  RECHNUNGSBETRAG ) VALUES (1, 1, '01.02.2010', '01.11.2010', 359.68);
INSERT INTO  BESTELLUNG  ( BESTELLNR ,  KUNDENNR ,  BESTELLDATUM ,  LIEFERDATUM ,  RECHNUNGSBETRAG ) VALUES (2, 2, '01.02/2010', '01.11.2010', 107.99);
INSERT INTO  BESTELLUNG  ( BESTELLNR ,  KUNDENNR ,  BESTELLDATUM ,  LIEFERDATUM ,  RECHNUNGSBETRAG ) VALUES (3, 3, '01.02.2010', '01.11.2010', 322.99);
INSERT INTO  BESTELLUNG  ( BESTELLNR ,  KUNDENNR ,  BESTELLDATUM ,  LIEFERDATUM ,  RECHNUNGSBETRAG ) VALUES (4, 4, '01.02.2010', '01.11.2010', 109);
INSERT INTO  BESTELLUNG  ( BESTELLNR ,  KUNDENNR ,  BESTELLDATUM ,  LIEFERDATUM ,  RECHNUNGSBETRAG ) VALUES (5, 5, '01.02.2010', '01.11.2010', 109);
INSERT INTO  BESTELLUNG  ( BESTELLNR ,  KUNDENNR ,  BESTELLDATUM ,  LIEFERDATUM ,  RECHNUNGSBETRAG ) VALUES (6, 6, '01.02.2010', '01.11.2010', 31.99);
INSERT INTO  BESTELLUNG  ( BESTELLNR ,  KUNDENNR ,  BESTELLDATUM ,  LIEFERDATUM ,  RECHNUNGSBETRAG ) VALUES (7, 7, '01.02.2010', '01.11.2010', 267.99);
INSERT INTO  BESTELLUNG  ( BESTELLNR ,  KUNDENNR ,  BESTELLDATUM ,  LIEFERDATUM ,  RECHNUNGSBETRAG ) VALUES (8, 8, '01.02.2010', '01.11.2010', 98.99);
INSERT INTO  BESTELLUNG  ( BESTELLNR ,  KUNDENNR ,  BESTELLDATUM ,  LIEFERDATUM ,  RECHNUNGSBETRAG ) VALUES (9, 9, '01.02.2010', '01.11.2010', 29);
INSERT INTO  BESTELLUNG  ( BESTELLNR ,  KUNDENNR ,  BESTELLDATUM ,  LIEFERDATUM ,  RECHNUNGSBETRAG ) VALUES (10, 10, '01.02.2010', '01.11.2010', 388);
INSERT INTO  BESTELLUNG  ( BESTELLNR ,  KUNDENNR ,  BESTELLDATUM ,  LIEFERDATUM ,  RECHNUNGSBETRAG ) VALUES (11, 11, '01.02.2010', '01.11.2010', 229);
INSERT INTO  BESTELLUNG  ( BESTELLNR ,  KUNDENNR ,  BESTELLDATUM ,  LIEFERDATUM ,  RECHNUNGSBETRAG ) VALUES (12, 12, '01.02.2010', '01.11.2010', 54);
INSERT INTO  BESTELLUNG  ( BESTELLNR ,  KUNDENNR ,  BESTELLDATUM ,  LIEFERDATUM ,  RECHNUNGSBETRAG ) VALUES (13, 13, '01.02.2010', '01.11.2010', 173);
INSERT INTO  BESTELLUNG  ( BESTELLNR ,  KUNDENNR ,  BESTELLDATUM ,  LIEFERDATUM ,  RECHNUNGSBETRAG ) VALUES (14, 14, '01.02.2010', '01.11.2010', 164.99);
INSERT INTO  BESTELLUNG  ( BESTELLNR ,  KUNDENNR ,  BESTELLDATUM ,  LIEFERDATUM ,  RECHNUNGSBETRAG ) VALUES (15, 15, '01.02.2010', '01.11.2010', 54);
INSERT INTO  BESTELLUNG  ( BESTELLNR ,  KUNDENNR ,  BESTELLDATUM ,  LIEFERDATUM ,  RECHNUNGSBETRAG ) VALUES (16, 16, '01.02.2010', '01.11.2010', 156);
INSERT INTO  BESTELLUNG  ( BESTELLNR ,  KUNDENNR ,  BESTELLDATUM ,  LIEFERDATUM ,  RECHNUNGSBETRAG ) VALUES (17, 17, '01.02.2010', '01.11.2010', 54);
INSERT INTO  BESTELLUNG  ( BESTELLNR ,  KUNDENNR ,  BESTELLDATUM ,  LIEFERDATUM ,  RECHNUNGSBETRAG ) VALUES (18, 18, '01.02.2010', '01.11.2010', 54);
INSERT INTO  BESTELLUNG  ( BESTELLNR ,  KUNDENNR ,  BESTELLDATUM ,  LIEFERDATUM ,  RECHNUNGSBETRAG ) VALUES (19, 19, '01.02.2010', '01.11.2010', 144);
INSERT INTO  BESTELLUNG  ( BESTELLNR ,  KUNDENNR ,  BESTELLDATUM ,  LIEFERDATUM ,  RECHNUNGSBETRAG ) VALUES (20, 20, '01.02.2010', '01.11.2010', 74);
INSERT INTO  BESTELLUNG  ( BESTELLNR ,  KUNDENNR ,  BESTELLDATUM ,  LIEFERDATUM ,  RECHNUNGSBETRAG ) VALUES (21, 21, '01.02.2010', '01.11.2010', 599.05);
INSERT INTO  BESTELLUNG  ( BESTELLNR ,  KUNDENNR ,  BESTELLDATUM ,  LIEFERDATUM ,  RECHNUNGSBETRAG ) VALUES (22, 22, '01.02.2010', '01.11.2010', 109.01);
INSERT INTO  BESTELLUNG  ( BESTELLNR ,  KUNDENNR ,  BESTELLDATUM ,  LIEFERDATUM ,  RECHNUNGSBETRAG ) VALUES (23, 23, '01.02.2010', '01.11.2010', 626.37);
INSERT INTO  BESTELLUNG  ( BESTELLNR ,  KUNDENNR ,  BESTELLDATUM ,  LIEFERDATUM ,  RECHNUNGSBETRAG ) VALUES (24, 24, '01.02.2010', '01.11.2010', 457.99);
INSERT INTO  BESTELLUNG  ( BESTELLNR ,  KUNDENNR ,  BESTELLDATUM ,  LIEFERDATUM ,  RECHNUNGSBETRAG ) VALUES (25, 25, '01.02.2010', '01.11.2010', 27);
INSERT INTO  BESTELLUNG  ( BESTELLNR ,  KUNDENNR ,  BESTELLDATUM ,  LIEFERDATUM ,  RECHNUNGSBETRAG ) VALUES (26, 9, '01.02.2010', '01.11.2010', 171.99);
INSERT INTO  BESTELLUNG  ( BESTELLNR ,  KUNDENNR ,  BESTELLDATUM ,  LIEFERDATUM ,  RECHNUNGSBETRAG ) VALUES (27, 26, '01.02.2010', '01.11.2010', 54);
INSERT INTO  BESTELLUNG  ( BESTELLNR ,  KUNDENNR ,  BESTELLDATUM ,  LIEFERDATUM ,  RECHNUNGSBETRAG ) VALUES (28, 27, '01.02.2010', '01.11.2010', 84);
INSERT INTO  BESTELLUNG  ( BESTELLNR ,  KUNDENNR ,  BESTELLDATUM ,  LIEFERDATUM ,  RECHNUNGSBETRAG ) VALUES (29, 28, '01.02.2010', '01.11.2010', 797.99);
INSERT INTO  BESTELLUNG  ( BESTELLNR ,  KUNDENNR ,  BESTELLDATUM ,  LIEFERDATUM ,  RECHNUNGSBETRAG ) VALUES (30, 29, '01.02.2010', '01.11.2010', 81.01);
INSERT INTO  BESTELLUNG  ( BESTELLNR ,  KUNDENNR ,  BESTELLDATUM ,  LIEFERDATUM ,  RECHNUNGSBETRAG ) VALUES (31, 30, '01.02.2010', '01.11.2010', 359);
INSERT INTO  BESTELLUNG  ( BESTELLNR ,  KUNDENNR ,  BESTELLDATUM ,  LIEFERDATUM ,  RECHNUNGSBETRAG ) VALUES (32, 31, '01.02.2010', '01.11.2010', 84);
INSERT INTO  BESTELLUNG  ( BESTELLNR ,  KUNDENNR ,  BESTELLDATUM ,  LIEFERDATUM ,  RECHNUNGSBETRAG ) VALUES (33, 15, '01.02.2010', '01.11.2010', 28);
INSERT INTO  BESTELLUNG  ( BESTELLNR ,  KUNDENNR ,  BESTELLDATUM ,  LIEFERDATUM ,  RECHNUNGSBETRAG ) VALUES (34, 32, '01.02.2010', '01.11.2010', 169);
INSERT INTO  BESTELLUNG  ( BESTELLNR ,  KUNDENNR ,  BESTELLDATUM ,  LIEFERDATUM ,  RECHNUNGSBETRAG ) VALUES (35, 33, '01.02.2010', '01.11.2010', 239);
INSERT INTO  BESTELLUNG  ( BESTELLNR ,  KUNDENNR ,  BESTELLDATUM ,  LIEFERDATUM ,  RECHNUNGSBETRAG ) VALUES (36, 4, '01.02.2010', '01.11.2010', 736.36);
INSERT INTO  BESTELLUNG  ( BESTELLNR ,  KUNDENNR ,  BESTELLDATUM ,  LIEFERDATUM ,  RECHNUNGSBETRAG ) VALUES (37, 34, '01.02.2010', '01.11.2010', 109.01);
INSERT INTO  BESTELLUNG  ( BESTELLNR ,  KUNDENNR ,  BESTELLDATUM ,  LIEFERDATUM ,  RECHNUNGSBETRAG ) VALUES (38, 35, '01.02.2010', '01.11.2010', 118.29);
INSERT INTO  BESTELLUNG  ( BESTELLNR ,  KUNDENNR ,  BESTELLDATUM ,  LIEFERDATUM ,  RECHNUNGSBETRAG ) VALUES (39, 36, '01.02.2010', '01.11.2010', 148.99);
INSERT INTO  BESTELLUNG  ( BESTELLNR ,  KUNDENNR ,  BESTELLDATUM ,  LIEFERDATUM ,  RECHNUNGSBETRAG ) VALUES (40, 37, '01.02.2010', '01.11.2010', 74);
INSERT INTO  BESTELLUNG  ( BESTELLNR ,  KUNDENNR ,  BESTELLDATUM ,  LIEFERDATUM ,  RECHNUNGSBETRAG ) VALUES (41, 38, '01.02.2010', '01.11.2010', 188);
INSERT INTO  BESTELLUNG  ( BESTELLNR ,  KUNDENNR ,  BESTELLDATUM ,  LIEFERDATUM ,  RECHNUNGSBETRAG ) VALUES (42, 39, '01.02.2010', '01.11.2010', 59.97);
INSERT INTO  BESTELLUNG  ( BESTELLNR ,  KUNDENNR ,  BESTELLDATUM ,  LIEFERDATUM ,  RECHNUNGSBETRAG ) VALUES (43, 40, '01.02.2010', '01.11.2010', 84);
INSERT INTO  BESTELLUNG  ( BESTELLNR ,  KUNDENNR ,  BESTELLDATUM ,  LIEFERDATUM ,  RECHNUNGSBETRAG ) VALUES (44, 41, '01.02.2010', '01.11.2010', 98.99);
INSERT INTO  BESTELLUNG  ( BESTELLNR ,  KUNDENNR ,  BESTELLDATUM ,  LIEFERDATUM ,  RECHNUNGSBETRAG ) VALUES (45, 42, '01.02.2010', '01.11.2010', 154);
INSERT INTO  BESTELLUNG  ( BESTELLNR ,  KUNDENNR ,  BESTELLDATUM ,  LIEFERDATUM ,  RECHNUNGSBETRAG ) VALUES (46, 23, '01.02.2010', '01.11.2010', 14);
INSERT INTO  BESTELLUNG  ( BESTELLNR ,  KUNDENNR ,  BESTELLDATUM ,  LIEFERDATUM ,  RECHNUNGSBETRAG ) VALUES (47, 43, '01.02.2010', '01.11.2010', 39);
INSERT INTO  BESTELLUNG  ( BESTELLNR ,  KUNDENNR ,  BESTELLDATUM ,  LIEFERDATUM ,  RECHNUNGSBETRAG ) VALUES (48, 44, '01.02.2010', '01.11.2010', 0);
INSERT INTO  BESTELLUNG  ( BESTELLNR ,  KUNDENNR ,  BESTELLDATUM ,  LIEFERDATUM ,  RECHNUNGSBETRAG ) VALUES (49, 45, '01.02.2010', '01.11.2010', 626.37);
INSERT INTO  BESTELLUNG  ( BESTELLNR ,  KUNDENNR ,  BESTELLDATUM ,  LIEFERDATUM ,  RECHNUNGSBETRAG ) VALUES (50, 46, '01.02.2010', '01.11.2010', 127.99);
INSERT INTO  BESTELLUNG  ( BESTELLNR ,  KUNDENNR ,  BESTELLDATUM ,  LIEFERDATUM ,  RECHNUNGSBETRAG ) VALUES (51, 47, '01.02.2010', '01.11.2010', 198);
INSERT INTO  BESTELLUNG  ( BESTELLNR ,  KUNDENNR ,  BESTELLDATUM ,  LIEFERDATUM ,  RECHNUNGSBETRAG ) VALUES (52, 7, '01.02.2010', '01.11.2010', 81.01);
INSERT INTO  BESTELLUNG  ( BESTELLNR ,  KUNDENNR ,  BESTELLDATUM ,  LIEFERDATUM ,  RECHNUNGSBETRAG ) VALUES (53, 48, '01.02.2010', '01.11.2010', 54);
INSERT INTO  BESTELLUNG  ( BESTELLNR ,  KUNDENNR ,  BESTELLDATUM ,  LIEFERDATUM ,  RECHNUNGSBETRAG ) VALUES (54, 49, '01.02.2010', '01.11.2010', 144);
INSERT INTO  BESTELLUNG  ( BESTELLNR ,  KUNDENNR ,  BESTELLDATUM ,  LIEFERDATUM ,  RECHNUNGSBETRAG ) VALUES (55, 50, '01.02.2010', '01.11.2010', 457.99);
INSERT INTO  BESTELLUNG  ( BESTELLNR ,  KUNDENNR ,  BESTELLDATUM ,  LIEFERDATUM ,  RECHNUNGSBETRAG ) VALUES (56, 51, '01.02.2010', '01.11.2010', 32);
INSERT INTO  BESTELLUNG  ( BESTELLNR ,  KUNDENNR ,  BESTELLDATUM ,  LIEFERDATUM ,  RECHNUNGSBETRAG ) VALUES (57, 42, '01.02.2010', '01.11.2010', 160);
INSERT INTO  BESTELLUNG  ( BESTELLNR ,  KUNDENNR ,  BESTELLDATUM ,  LIEFERDATUM ,  RECHNUNGSBETRAG ) VALUES (58, 52, '01.02.2010', '01.11.2010', 84);
INSERT INTO  BESTELLUNG  ( BESTELLNR ,  KUNDENNR ,  BESTELLDATUM ,  LIEFERDATUM ,  RECHNUNGSBETRAG ) VALUES (59, 53, '01.02.2010', '01.11.2010', 1252.73);
INSERT INTO  BESTELLUNG  ( BESTELLNR ,  KUNDENNR ,  BESTELLDATUM ,  LIEFERDATUM ,  RECHNUNGSBETRAG ) VALUES (60, 54, '01.02.2010', '01.11.2010', 98.99);
INSERT INTO  BESTELLUNG  ( BESTELLNR ,  KUNDENNR ,  BESTELLDATUM ,  LIEFERDATUM ,  RECHNUNGSBETRAG ) VALUES (61, 55, '01.02.2010', '01.11.2010', 258.01);
INSERT INTO  BESTELLUNG  ( BESTELLNR ,  KUNDENNR ,  BESTELLDATUM ,  LIEFERDATUM ,  RECHNUNGSBETRAG ) VALUES (62, 56, '01.02.2010', '01.11.2010', 201.99);
INSERT INTO  BESTELLUNG  ( BESTELLNR ,  KUNDENNR ,  BESTELLDATUM ,  LIEFERDATUM ,  RECHNUNGSBETRAG ) VALUES (63, 57, '01.02.2010', '01.11.2010', 169);
INSERT INTO  BESTELLUNG  ( BESTELLNR ,  KUNDENNR ,  BESTELLDATUM ,  LIEFERDATUM ,  RECHNUNGSBETRAG ) VALUES (64, 58, '01.02.2010', '01.11.2010', 397.28);
INSERT INTO  BESTELLUNG  ( BESTELLNR ,  KUNDENNR ,  BESTELLDATUM ,  LIEFERDATUM ,  RECHNUNGSBETRAG ) VALUES (65, 2, '01.02.2010', '01.11.2010', 3798);
INSERT INTO  BESTELLUNG  ( BESTELLNR ,  KUNDENNR ,  BESTELLDATUM ,  LIEFERDATUM ,  RECHNUNGSBETRAG ) VALUES (66, 59, '01.02.2010', '01.11.2010', 131.98);
INSERT INTO  BESTELLUNG  ( BESTELLNR ,  KUNDENNR ,  BESTELLDATUM ,  LIEFERDATUM ,  RECHNUNGSBETRAG ) VALUES (67, 60, '01.02.2010', '01.11.2010', 308.98);
INSERT INTO  BESTELLUNG  ( BESTELLNR ,  KUNDENNR ,  BESTELLDATUM ,  LIEFERDATUM ,  RECHNUNGSBETRAG ) VALUES (68, 29, '01.02.2010', '01.11.2010', 159);
INSERT INTO  BESTELLUNG  ( BESTELLNR ,  KUNDENNR ,  BESTELLDATUM ,  LIEFERDATUM ,  RECHNUNGSBETRAG ) VALUES (69, 61, '01.02.2010', '01.11.2010', 462);
INSERT INTO  BESTELLUNG  ( BESTELLNR ,  KUNDENNR ,  BESTELLDATUM ,  LIEFERDATUM ,  RECHNUNGSBETRAG ) VALUES (70, 62, '01.02.2010', '01.11.2010', 150);
INSERT INTO  BESTELLUNG  ( BESTELLNR ,  KUNDENNR ,  BESTELLDATUM ,  LIEFERDATUM ,  RECHNUNGSBETRAG ) VALUES (71, 36, '01.02.2010', '01.11.2010', 82);
INSERT INTO  BESTELLUNG  ( BESTELLNR ,  KUNDENNR ,  BESTELLDATUM ,  LIEFERDATUM ,  RECHNUNGSBETRAG ) VALUES (72, 63, '01.02.2010', '01.11.2010', 4235.97);
INSERT INTO  BESTELLUNG  ( BESTELLNR ,  KUNDENNR ,  BESTELLDATUM ,  LIEFERDATUM ,  RECHNUNGSBETRAG ) VALUES (73, 64,'01.02.2010', '01.11.2010', 768);
INSERT INTO  BESTELLUNG  ( BESTELLNR ,  KUNDENNR ,  BESTELLDATUM ,  LIEFERDATUM ,  RECHNUNGSBETRAG ) VALUES (74, 17, '01.02.2010', '01.11.2010', 2442.26);
INSERT INTO  BESTELLUNG  ( BESTELLNR ,  KUNDENNR ,  BESTELLDATUM ,  LIEFERDATUM ,  RECHNUNGSBETRAG ) VALUES (75, 43, '01.02.2010', '01.11.2010', 1506.26);
INSERT INTO  BESTELLUNG  ( BESTELLNR ,  KUNDENNR ,  BESTELLDATUM ,  LIEFERDATUM ,  RECHNUNGSBETRAG ) VALUES (76, 65, '01.02.2010', '01.11.2010', 1429.38);
INSERT INTO  BESTELLUNG  ( BESTELLNR ,  KUNDENNR ,  BESTELLDATUM ,  LIEFERDATUM ,  RECHNUNGSBETRAG ) VALUES (77, 66, '01.02.2010', '01.11.2010', 1699.98);
INSERT INTO  BESTELLUNG  ( BESTELLNR ,  KUNDENNR ,  BESTELLDATUM ,  LIEFERDATUM ,  RECHNUNGSBETRAG ) VALUES (78, 67, '01.02.2010', '01.11.2010', 839.99);
INSERT INTO  BESTELLUNG  ( BESTELLNR ,  KUNDENNR ,  BESTELLDATUM ,  LIEFERDATUM ,  RECHNUNGSBETRAG ) VALUES (79, 68, '01.02.2010', '01.11.2010', 198);











CREATE TABLE `HERSTELLER`(
    `HERSTELLERNR` INTEGER NOT NULL,
    `NAME` VARCHAR(50),
    PRIMARY KEY (`HERSTELLERNR`)
);
INSERT INTO  HERSTELLER  ( HERSTELLERNR ,  NAME ) VALUES (1, 'Belinea');
INSERT INTO  HERSTELLER  ( HERSTELLERNR ,  NAME ) VALUES (2, 'Samsung');
INSERT INTO  HERSTELLER  ( HERSTELLERNR ,  NAME ) VALUES (3, 'Sony');
INSERT INTO  HERSTELLER  ( HERSTELLERNR ,  NAME ) VALUES (4, 'HP');
INSERT INTO  HERSTELLER  ( HERSTELLERNR ,  NAME ) VALUES (5, 'Matrox');
INSERT INTO  HERSTELLER  ( HERSTELLERNR ,  NAME ) VALUES (6, 'Terratec');
INSERT INTO  HERSTELLER  ( HERSTELLERNR ,  NAME ) VALUES (7, 'Canon');
INSERT INTO  HERSTELLER  ( HERSTELLERNR ,  NAME ) VALUES (8, 'Epson');
INSERT INTO  HERSTELLER  ( HERSTELLERNR ,  NAME ) VALUES (9, 'Fujitsu');
INSERT INTO  HERSTELLER  ( HERSTELLERNR ,  NAME ) VALUES (10, 'Microsoft');
INSERT INTO  HERSTELLER  ( HERSTELLERNR ,  NAME ) VALUES (11, 'Asus');
INSERT INTO  HERSTELLER  ( HERSTELLERNR ,  NAME ) VALUES (12, 'Acer');
INSERT INTO  HERSTELLER  ( HERSTELLERNR ,  NAME ) VALUES (13, 'Dell');












CREATE TABLE `JOBTICKET`(
    `ID` INTEGER NOT NULL,
    `MITARBEITERNR` INTEGER,
    `GUELTIG_BIS` DATE
);

#ALTER TABLE  JOBTICKET  ADD FOREIGN KEY ( MITARBEITERNR ) REFERENCES MITARBEITER ( MITARBEITERNR );

INSERT INTO  JOBTICKET  ( ID ,  MITARBEITERNR ,  GUELTIG_BIS ) VALUES (1, 1, '01.01.2012');
INSERT INTO  JOBTICKET  ( ID ,  MITARBEITERNR ,  GUELTIG_BIS ) VALUES (1, 1, '01.01.2012');

















CREATE TABLE `KATEGORIE`(
    `KATEGORIENR` INTEGER NOT NULL,
    `BEZEICHNUNG` VARCHAR(50),
    PRIMARY KEY (`KATEGORIENR`)
);
INSERT INTO  KATEGORIE  ( KATEGORIENR ,  BEZEICHNUNG ) VALUES (1, 'Monitore');
INSERT INTO  KATEGORIE  ( KATEGORIENR ,  BEZEICHNUNG ) VALUES (2, 'Scanner');
INSERT INTO  KATEGORIE  ( KATEGORIENR ,  BEZEICHNUNG ) VALUES (3, 'Grafikkarten');
INSERT INTO  KATEGORIE  ( KATEGORIENR ,  BEZEICHNUNG ) VALUES (4, 'Festplatten');
INSERT INTO  KATEGORIE  ( KATEGORIENR ,  BEZEICHNUNG ) VALUES (5, 'Soundkarten');
INSERT INTO  KATEGORIE  ( KATEGORIENR ,  BEZEICHNUNG ) VALUES (6, 'Keyboards');
INSERT INTO  KATEGORIE  ( KATEGORIENR ,  BEZEICHNUNG ) VALUES (7, 'Drucker');
INSERT INTO  KATEGORIE  ( KATEGORIENR ,  BEZEICHNUNG ) VALUES (8, 'Software');
INSERT INTO  KATEGORIE  ( KATEGORIENR ,  BEZEICHNUNG ) VALUES (9, 'Laufwerke');
INSERT INTO  KATEGORIE  ( KATEGORIENR ,  BEZEICHNUNG ) VALUES (10, 'Mäuse');
INSERT INTO  KATEGORIE  ( KATEGORIENR ,  BEZEICHNUNG ) VALUES (11, '3,5-Zoll-Disketten');





CREATE TABLE `KUNDE`(
    `KUNDENNR` INTEGER NOT NULL,
    `NAME` VARCHAR(50),
    `VORNAME` VARCHAR(50),
    `STRASSE` VARCHAR(50),
    `PLZ` CHAR(14),
    `ORT` VARCHAR(50),
    `TELEFON_GESCH` VARCHAR(25),
    `TELEFON_PRIVAT` VARCHAR(25),
    `EMAIL` VARCHAR(50),
    `ZAHLUNGSART` CHAR(1),
    PRIMARY KEY (`KUNDENNR`)
);
INSERT INTO  KUNDE  ( KUNDENNR ,  NAME ,  VORNAME ,  STRASSE ,  PLZ ,  ORT ,  TELEFON_GESCH ,  TELEFON_PRIVAT ,  EMAIL ,  ZAHLUNGSART ) VALUES (1, 'Loewe', 'Arthur', 'Sebastianstraße 134', '50737', 'Köln', NULL, '19467383', NULL, 'B');
INSERT INTO  KUNDE  ( KUNDENNR ,  NAME ,  VORNAME ,  STRASSE ,  PLZ ,  ORT ,  TELEFON_GESCH ,  TELEFON_PRIVAT ,  EMAIL ,  ZAHLUNGSART ) VALUES (2, 'Adler', 'Felix', 'Goethestraße 4', '30453', 'Hannover', '9856023452', '10562382', 'adler@on-line.de', 'R'); 
INSERT INTO  KUNDE  ( KUNDENNR ,  NAME ,  VORNAME ,  STRASSE ,  PLZ ,  ORT ,  TELEFON_GESCH ,  TELEFON_PRIVAT ,  EMAIL ,  ZAHLUNGSART ) VALUES (3, 'Stein', 'Johannes', 'Elisabethenstr. 23', '53111', 'Bonn', '99746227', '99746228', 'johnny@hip.de', 'N');
INSERT INTO  KUNDE  ( KUNDENNR ,  NAME ,  VORNAME ,  STRASSE ,  PLZ ,  ORT ,  TELEFON_GESCH ,  TELEFON_PRIVAT ,  EMAIL ,  ZAHLUNGSART ) VALUES (4, 'Falkner', 'Michael', 'Querfeldstraße 21', '65187', 'Wiesbaden', '13726583', '48892768', 'mischa24@wysiwyg.com', 'V');
INSERT INTO  KUNDE  ( KUNDENNR ,  NAME ,  VORNAME ,  STRASSE ,  PLZ ,  ORT ,  TELEFON_GESCH ,  TELEFON_PRIVAT ,  EMAIL ,  ZAHLUNGSART ) VALUES (5, 'Lederer', 'Helene', 'Rennbahnstraße 6', '50733', 'Köln', '87126534', '32675491', 'lele@lederer-world.de', 'K');
INSERT INTO  KUNDE  ( KUNDENNR ,  NAME ,  VORNAME ,  STRASSE ,  PLZ ,  ORT ,  TELEFON_GESCH ,  TELEFON_PRIVAT ,  EMAIL ,  ZAHLUNGSART ) VALUES (6, 'Kogen', 'Arnold', 'Clara-Viebig-Straße 17', '53179', 'Bonn', NULL, '55819269', NULL, 'B');
INSERT INTO  KUNDE  ( KUNDENNR ,  NAME ,  VORNAME ,  STRASSE ,  PLZ ,  ORT ,  TELEFON_GESCH ,  TELEFON_PRIVAT ,  EMAIL ,  ZAHLUNGSART ) VALUES (7, 'Schneider', 'Benedikt', 'Vahrendorfer Stadtweg 61', '21075', 'Hamburg', NULL, '93728815', 'benni@postfach-online.de', 'B');
INSERT INTO  KUNDE  ( KUNDENNR ,  NAME ,  VORNAME ,  STRASSE ,  PLZ ,  ORT ,  TELEFON_GESCH ,  TELEFON_PRIVAT ,  EMAIL ,  ZAHLUNGSART ) VALUES (8, 'Dietrich', 'Diana', 'Kastanienallee 675', '65199', 'Wiesbaden', NULL, '56112894', 'diedietrich@on-line.de', 'V');
INSERT INTO  KUNDE  ( KUNDENNR ,  NAME ,  VORNAME ,  STRASSE ,  PLZ ,  ORT ,  TELEFON_GESCH ,  TELEFON_PRIVAT ,  EMAIL ,  ZAHLUNGSART ) VALUES (9, 'Voglin', 'Jakob', 'Engeldamm 34', '12487', 'Berlin', '999657324', '12432673', 'voglin@berliner-tagblatt.de', 'K');
INSERT INTO  KUNDE  ( KUNDENNR ,  NAME ,  VORNAME ,  STRASSE ,  PLZ ,  ORT ,  TELEFON_GESCH ,  TELEFON_PRIVAT ,  EMAIL ,  ZAHLUNGSART ) VALUES (10, 'Stern', 'Martin', 'Knaufstraße 453', '50858', 'Köln', '72891174', '17582964', 'martin.stern@on-line.de', 'B');
INSERT INTO  KUNDE  ( KUNDENNR ,  NAME ,  VORNAME ,  STRASSE ,  PLZ ,  ORT ,  TELEFON_GESCH ,  TELEFON_PRIVAT ,  EMAIL ,  ZAHLUNGSART ) VALUES (11, 'Marsch', 'Ronald', 'Große Telegraphenstraße 95', '50769', 'Köln', '16547326', '99234713', 'ronnie@on-line.de', 'B');
INSERT INTO  KUNDE  ( KUNDENNR ,  NAME ,  VORNAME ,  STRASSE ,  PLZ ,  ORT ,  TELEFON_GESCH ,  TELEFON_PRIVAT ,  EMAIL ,  ZAHLUNGSART ) VALUES (12, 'Fromkess', 'Leon', 'Schmittgasser Kirchweg 44', '53129', 'Bonn', '67346248', '19684375', 'leon.fromkess@lola.com', 'R');
INSERT INTO  KUNDE  ( KUNDENNR ,  NAME ,  VORNAME ,  STRASSE ,  PLZ ,  ORT ,  TELEFON_GESCH ,  TELEFON_PRIVAT ,  EMAIL ,  ZAHLUNGSART ) VALUES (13, 'Badel', 'Sarah', 'Am Ginsterpfad 74', '51147', 'Köln', '17483763', '82675271', 's.badel@on-line.de', 'R'); 
INSERT INTO  KUNDE  ( KUNDENNR ,  NAME ,  VORNAME ,  STRASSE ,  PLZ ,  ORT ,  TELEFON_GESCH ,  TELEFON_PRIVAT ,  EMAIL ,  ZAHLUNGSART ) VALUES (14, 'Schäfer', 'Willi', 'Bei der blauen Brücke 119', '22083', 'Hamburg', '02857204', '86756251', 'schaefer32@lola.com', 'R');
INSERT INTO  KUNDE  ( KUNDENNR ,  NAME ,  VORNAME ,  STRASSE ,  PLZ ,  ORT ,  TELEFON_GESCH ,  TELEFON_PRIVAT ,  EMAIL ,  ZAHLUNGSART ) VALUES (15, 'Front', 'Jeremias', 'Reichskanzlerstraße 71', '22525', 'Hamburg', '5685710', '86957248', 'jerry@gartenlaubenfreunde.de', 'B');
INSERT INTO  KUNDE  ( KUNDENNR ,  NAME ,  VORNAME ,  STRASSE ,  PLZ ,  ORT ,  TELEFON_GESCH ,  TELEFON_PRIVAT ,  EMAIL ,  ZAHLUNGSART ) VALUES (16, 'Wilhelms', 'Simon', 'Gustav-Freytag-Straße 22', '51069', 'Köln', '19785737', '98760438', NULL, 'N');
INSERT INTO  KUNDE  ( KUNDENNR ,  NAME ,  VORNAME ,  STRASSE ,  PLZ ,  ORT ,  TELEFON_GESCH ,  TELEFON_PRIVAT ,  EMAIL ,  ZAHLUNGSART ) VALUES (17, 'Grunpeter', 'Sascha', 'Pascalstraße 64', '52121', 'Bonn', '918574736', '11768462', 'sagrun@lola.com', 'R');
INSERT INTO  KUNDE  ( KUNDENNR ,  NAME ,  VORNAME ,  STRASSE ,  PLZ ,  ORT ,  TELEFON_GESCH ,  TELEFON_PRIVAT ,  EMAIL ,  ZAHLUNGSART ) VALUES (18, 'Marx', 'Alfred', 'Gabriele-Muenter-Straße 102', '51371', 'Leverkusen', '02759285', '849647286', 'alfred_marx@on-line.de', 'R');
INSERT INTO  KUNDE  ( KUNDENNR ,  NAME ,  VORNAME ,  STRASSE ,  PLZ ,  ORT ,  TELEFON_GESCH ,  TELEFON_PRIVAT ,  EMAIL ,  ZAHLUNGSART ) VALUES (19, 'Kops', 'Bernhard', 'Gunther-Plüschow-Straße 47', '50739', 'Köln', '10675849', '61969285', 'berniekops@lola.com', 'B');
INSERT INTO  KUNDE  ( KUNDENNR ,  NAME ,  VORNAME ,  STRASSE ,  PLZ ,  ORT ,  TELEFON_GESCH ,  TELEFON_PRIVAT ,  EMAIL ,  ZAHLUNGSART ) VALUES (20, 'Elson', 'Andrea', 'Herzog-Alf-Weg 13', '20459', 'Hamburg', '28795823', '967584483', 'elson@elsons-laedchen.de', 'R');
INSERT INTO  KUNDE  ( KUNDENNR ,  NAME ,  VORNAME ,  STRASSE ,  PLZ ,  ORT ,  TELEFON_GESCH ,  TELEFON_PRIVAT ,  EMAIL ,  ZAHLUNGSART ) VALUES (21, 'Kaplan', 'Marvin', 'Oskar-Schlemmer-Straße 72', '50933', 'Köln', NULL, '96857385', 'marvin@marc-aurel-jg-2001.de', 'K');
INSERT INTO  KUNDE  ( KUNDENNR ,  NAME ,  VORNAME ,  STRASSE ,  PLZ ,  ORT ,  TELEFON_GESCH ,  TELEFON_PRIVAT ,  EMAIL ,  ZAHLUNGSART ) VALUES (22, 'Glaister', 'Gabrielle', 'Simrockallee 2', '53227', 'Bonn', '97857358', '304760583', 'gabyglaister@on-line.de', 'N');
INSERT INTO  KUNDE  ( KUNDENNR ,  NAME ,  VORNAME ,  STRASSE ,  PLZ ,  ORT ,  TELEFON_GESCH ,  TELEFON_PRIVAT ,  EMAIL ,  ZAHLUNGSART ) VALUES (23, 'Knutt', 'Robert', 'Metzgerstraße 81', '52076', 'Aachen', '29786682', '10684937', 'robert@robert-knutt.de', 'B');
INSERT INTO  KUNDE  ( KUNDENNR ,  NAME ,  VORNAME ,  STRASSE ,  PLZ ,  ORT ,  TELEFON_GESCH ,  TELEFON_PRIVAT ,  EMAIL ,  ZAHLUNGSART ) VALUES (24, 'Reiner', 'Robert', 'Pattscheider Weg 7', '51147', 'Köln', '19587238', '017589375', 'meathead@lola.com', 'B');
INSERT INTO  KUNDE  ( KUNDENNR ,  NAME ,  VORNAME ,  STRASSE ,  PLZ ,  ORT ,  TELEFON_GESCH ,  TELEFON_PRIVAT ,  EMAIL ,  ZAHLUNGSART ) VALUES (25, 'Grunert', 'Paul', 'Jütländer Allee 236', '22415', 'Hamburg', '19473825', '47294978', 'paul@briefmarken-hamburg.de', 'R');
INSERT INTO  KUNDE  ( KUNDENNR ,  NAME ,  VORNAME ,  STRASSE ,  PLZ ,  ORT ,  TELEFON_GESCH ,  TELEFON_PRIVAT ,  EMAIL ,  ZAHLUNGSART ) VALUES (26, 'Free', 'Oliver', 'Pferdmengesstraße 58', '50672', 'Köln', '19473067', '94728395', 'ollifree@fc-koelle-for-ever.de', 'K');
INSERT INTO  KUNDE  ( KUNDENNR ,  NAME ,  VORNAME ,  STRASSE ,  PLZ ,  ORT ,  TELEFON_GESCH ,  TELEFON_PRIVAT ,  EMAIL ,  ZAHLUNGSART ) VALUES (27, 'Frankau', 'Nicholas', 'Rennbahnstraße 83', '65207', 'Wiesbaden', '10264738', '91650376', 'nick.frank@on-line.de', 'R');
INSERT INTO  KUNDE  ( KUNDENNR ,  NAME ,  VORNAME ,  STRASSE ,  PLZ ,  ORT ,  TELEFON_GESCH ,  TELEFON_PRIVAT ,  EMAIL ,  ZAHLUNGSART ) VALUES (28, 'Weinberger', 'Eduard', 'Modersohnstraße 112', '10965', 'Berlin', '57480399', '10275748', 'weinberger@lola.com', 'K');
INSERT INTO  KUNDE  ( KUNDENNR ,  NAME ,  VORNAME ,  STRASSE ,  PLZ ,  ORT ,  TELEFON_GESCH ,  TELEFON_PRIVAT ,  EMAIL ,  ZAHLUNGSART ) VALUES (29, 'Mann', 'Miriam', 'Wielandplatz 8', '99425', 'Weimar', '19786854', '19786743', 'miriam-mann@on-line.de', 'N');
INSERT INTO  KUNDE  ( KUNDENNR ,  NAME ,  VORNAME ,  STRASSE ,  PLZ ,  ORT ,  TELEFON_GESCH ,  TELEFON_PRIVAT ,  EMAIL ,  ZAHLUNGSART ) VALUES (30, 'Waring', 'Georg', 'Merkenicher Ringstraße 313', '51103', 'Köln', '01896748', '71835738', 'waring@polstermoebel-schmidt.de', 'R');
INSERT INTO  KUNDE  ( KUNDENNR ,  NAME ,  VORNAME ,  STRASSE ,  PLZ ,  ORT ,  TELEFON_GESCH ,  TELEFON_PRIVAT ,  EMAIL ,  ZAHLUNGSART ) VALUES (31, 'Locke', 'Albert', 'Bundesgrenzschutzplatz 32', '53177', 'Bonn', '47382765', '19684758', 'Bertie@Wooster.de', 'K');
INSERT INTO  KUNDE  ( KUNDENNR ,  NAME ,  VORNAME ,  STRASSE ,  PLZ ,  ORT ,  TELEFON_GESCH ,  TELEFON_PRIVAT ,  EMAIL ,  ZAHLUNGSART ) VALUES (32, 'Mills', 'Michael', 'Im Grund 4', '51063', 'Köln', '86758685', '10894519', 'michael@mills-and-more.de', 'R');
INSERT INTO  KUNDE  ( KUNDENNR ,  NAME ,  VORNAME ,  STRASSE ,  PLZ ,  ORT ,  TELEFON_GESCH ,  TELEFON_PRIVAT ,  EMAIL ,  ZAHLUNGSART ) VALUES (33, 'Brisebois', 'Danielle', 'Bismarckstraße 9', '53721', 'Siegburg', '91856748', '27685710', 'danielle@tricatel.fr', 'R');
INSERT INTO  KUNDE  ( KUNDENNR ,  NAME ,  VORNAME ,  STRASSE ,  PLZ ,  ORT ,  TELEFON_GESCH ,  TELEFON_PRIVAT ,  EMAIL ,  ZAHLUNGSART ) VALUES (34, 'Dorning', 'Robert', 'Hunnebeckweg 21', '48147', 'Münster', '57483910', '153424352', 'dorne@hip.de', 'N');
INSERT INTO  KUNDE  ( KUNDENNR ,  NAME ,  VORNAME ,  STRASSE ,  PLZ ,  ORT ,  TELEFON_GESCH ,  TELEFON_PRIVAT ,  EMAIL ,  ZAHLUNGSART ) VALUES (35, 'Sperber', 'Milo', 'Zypressenweg 3', '22457', 'Hamburg', '67582978', '564736540', 'milo@lola.com', 'B');
INSERT INTO  KUNDE  ( KUNDENNR ,  NAME ,  VORNAME ,  STRASSE ,  PLZ ,  ORT ,  TELEFON_GESCH ,  TELEFON_PRIVAT ,  EMAIL ,  ZAHLUNGSART ) VALUES (36, 'Fabrizi', 'Mario', 'Auf dem Hunnenrücken 19', '50999', 'Köln', '142398079', '09978699', 'mario.fabrizi@on-line.de', 'K');
INSERT INTO  KUNDE  ( KUNDENNR ,  NAME ,  VORNAME ,  STRASSE ,  PLZ ,  ORT ,  TELEFON_GESCH ,  TELEFON_PRIVAT ,  EMAIL ,  ZAHLUNGSART ) VALUES (37, 'Anderson', 'Margarete', 'Machabäerstraße 34', '50735', 'Köln', '27685741', '09987890', 'gretel.anderson@on-line.de', 'V');
INSERT INTO  KUNDE  ( KUNDENNR ,  NAME ,  VORNAME ,  STRASSE ,  PLZ ,  ORT ,  TELEFON_GESCH ,  TELEFON_PRIVAT ,  EMAIL ,  ZAHLUNGSART ) VALUES (38, 'May', 'Jakob', 'In der Dasladen 9', '51373', 'Leverkusen', '197869504', '19785673', 'mayday@pc-helfer-leverkusen.de', 'N');
INSERT INTO  KUNDE  ( KUNDENNR ,  NAME ,  VORNAME ,  STRASSE ,  PLZ ,  ORT ,  TELEFON_GESCH ,  TELEFON_PRIVAT ,  EMAIL ,  ZAHLUNGSART ) VALUES (39, 'Palk', 'Anna', 'Winston-Churchill-Straße 80', '53129', 'Bonn', '197867513', '154635241', 'anpal@on-line.de', 'R');
INSERT INTO  KUNDE  ( KUNDENNR ,  NAME ,  VORNAME ,  STRASSE ,  PLZ ,  ORT ,  TELEFON_GESCH ,  TELEFON_PRIVAT ,  EMAIL ,  ZAHLUNGSART ) VALUES (40, 'Kaufmann', 'Andreas', 'Am Alten Brauhaus 11', '51105', 'Köln', '0796835460', '01758362', 'andy@koelner-taxis.de', 'V');
INSERT INTO  KUNDE  ( KUNDENNR ,  NAME ,  VORNAME ,  STRASSE ,  PLZ ,  ORT ,  TELEFON_GESCH ,  TELEFON_PRIVAT ,  EMAIL ,  ZAHLUNGSART ) VALUES (41, 'Bussell', 'Mark', 'Hanfgartenstraße 63', '81475', 'München', '473829201', '13246359', 'bussell@bavaria-bank.de', 'R');
INSERT INTO  KUNDE  ( KUNDENNR ,  NAME ,  VORNAME ,  STRASSE ,  PLZ ,  ORT ,  TELEFON_GESCH ,  TELEFON_PRIVAT ,  EMAIL ,  ZAHLUNGSART ) VALUES (42, 'Clement', 'Richard', 'Fröbelstraße 26', '12161', 'Berlin', NULL, '57297867', 'clem@on-line.de', 'B');
INSERT INTO  KUNDE  ( KUNDENNR ,  NAME ,  VORNAME ,  STRASSE ,  PLZ ,  ORT ,  TELEFON_GESCH ,  TELEFON_PRIVAT ,  EMAIL ,  ZAHLUNGSART ) VALUES (43, 'Handl', 'Irene', 'Berberitzenweg 7', '50678', 'Köln', '84736291', '98675842', 'irenehandl@lola.com', 'R'); 
INSERT INTO  KUNDE  ( KUNDENNR ,  NAME ,  VORNAME ,  STRASSE ,  PLZ ,  ORT ,  TELEFON_GESCH ,  TELEFON_PRIVAT ,  EMAIL ,  ZAHLUNGSART ) VALUES (44, 'Landesberg', 'Stefan', 'Kleiner Griechenmarkt 19', '51107', 'Köln', '08978569', '186759472', 'Steve@metal-rules.de', 'N');
INSERT INTO  KUNDE  ( KUNDENNR ,  NAME ,  VORNAME ,  STRASSE ,  PLZ ,  ORT ,  TELEFON_GESCH ,  TELEFON_PRIVAT ,  EMAIL ,  ZAHLUNGSART ) VALUES (45, 'Lenhart', 'Heidi', 'Mozartstraße 73', '51371', 'Leverkusen', '19705832', '879685740', 'heidi@montana-dreaming.de', 'R');
INSERT INTO  KUNDE  ( KUNDENNR ,  NAME ,  VORNAME ,  STRASSE ,  PLZ ,  ORT ,  TELEFON_GESCH ,  TELEFON_PRIVAT ,  EMAIL ,  ZAHLUNGSART ) VALUES (46, 'Wendt', 'Georg', 'Froschkönigweg 32', '50767', 'Köln', '23142312', '06905964', 'Georg@on-line.de', 'R');
INSERT INTO  KUNDE  ( KUNDENNR ,  NAME ,  VORNAME ,  STRASSE ,  PLZ ,  ORT ,  TELEFON_GESCH ,  TELEFON_PRIVAT ,  EMAIL ,  ZAHLUNGSART ) VALUES (47, 'Masur', 'Richard', 'Up den Wiemen 46', '22609', 'Hamburg', '29671323', '29685749', 'masur@on-line.de', 'R');
INSERT INTO  KUNDE  ( KUNDENNR ,  NAME ,  VORNAME ,  STRASSE ,  PLZ ,  ORT ,  TELEFON_GESCH ,  TELEFON_PRIVAT ,  EMAIL ,  ZAHLUNGSART ) VALUES (48, 'Gross', 'Michael', 'Neptunstraße 33', '12621', 'Berlin', '37685940', '197867580', 'm.gross@lola.com', 'B');
INSERT INTO  KUNDE  ( KUNDENNR ,  NAME ,  VORNAME ,  STRASSE ,  PLZ ,  ORT ,  TELEFON_GESCH ,  TELEFON_PRIVAT ,  EMAIL ,  ZAHLUNGSART ) VALUES (49, 'Hirsch', 'Andreas', 'Waidmarkt 16', '50735', 'Köln', '19783060', '57483657', 'andreas.hirsch@on-line.de', 'N');
INSERT INTO  KUNDE  ( KUNDENNR ,  NAME ,  VORNAME ,  STRASSE ,  PLZ ,  ORT ,  TELEFON_GESCH ,  TELEFON_PRIVAT ,  EMAIL ,  ZAHLUNGSART ) VALUES (50, 'Hecht', 'Jessica', 'Im Teich 42', '51105', 'Köln', '26453756', '98786029', 'jessie.hecht@lola.com', 'R');
INSERT INTO  KUNDE  ( KUNDENNR ,  NAME ,  VORNAME ,  STRASSE ,  PLZ ,  ORT ,  TELEFON_GESCH ,  TELEFON_PRIVAT ,  EMAIL ,  ZAHLUNGSART ) VALUES (51, 'Kaminski', 'Melvin', 'Neue ABC-Straße 504', '22607', 'Hamburg', '97860169', '57192060', 'mel@bancroft-and-brooks.com', 'B');
INSERT INTO  KUNDE  ( KUNDENNR ,  NAME ,  VORNAME ,  STRASSE ,  PLZ ,  ORT ,  TELEFON_GESCH ,  TELEFON_PRIVAT ,  EMAIL ,  ZAHLUNGSART ) VALUES (52, 'Schäfer', 'Natalie', 'Mittelstraße 50', '53225', 'Bonn', '58672901', '91254341', 'nati@on-line.de', 'N');
INSERT INTO  KUNDE  ( KUNDENNR ,  NAME ,  VORNAME ,  STRASSE ,  PLZ ,  ORT ,  TELEFON_GESCH ,  TELEFON_PRIVAT ,  EMAIL ,  ZAHLUNGSART ) VALUES (53, 'Persky', 'Lisa', 'Keplerstraße 48', '40489', 'Düsseldorf', '19562109', '38295647', 'lisa.persky@kunsthaus-persky.de', 'N');
INSERT INTO  KUNDE  ( KUNDENNR ,  NAME ,  VORNAME ,  STRASSE ,  PLZ ,  ORT ,  TELEFON_GESCH ,  TELEFON_PRIVAT ,  EMAIL ,  ZAHLUNGSART ) VALUES (54, 'Steuer', 'Paul', 'Langweidenstraße 67', '60386', 'Frankfurt Main', '01867493', '19887960', 'paul.steuer@on-line.de', 'R');
INSERT INTO  KUNDE  ( KUNDENNR ,  NAME ,  VORNAME ,  STRASSE ,  PLZ ,  ORT ,  TELEFON_GESCH ,  TELEFON_PRIVAT ,  EMAIL ,  ZAHLUNGSART ) VALUES (55, 'Karn', 'Richard', 'Jan-Wellem-Straße 34', '50668', 'Köln', '97860927', '37681936', 'karn.koeln@on-line.de', 'V');
INSERT INTO  KUNDE  ( KUNDENNR ,  NAME ,  VORNAME ,  STRASSE ,  PLZ ,  ORT ,  TELEFON_GESCH ,  TELEFON_PRIVAT ,  EMAIL ,  ZAHLUNGSART ) VALUES (56, 'Barron', 'Marion', 'Im Fuldchen 7', '60435', 'Frankfurt Main', '13241735', '91703275', 'barron.marion@lola.com', 'B');
INSERT INTO  KUNDE  ( KUNDENNR ,  NAME ,  VORNAME ,  STRASSE ,  PLZ ,  ORT ,  TELEFON_GESCH ,  TELEFON_PRIVAT ,  EMAIL ,  ZAHLUNGSART ) VALUES (57, 'Mull', 'Martin', 'Rautendeleinweg 29', '40593', 'Düsseldorf', '10923874', '57463524', 'mamu@on-line.de', 'N');
INSERT INTO  KUNDE  ( KUNDENNR ,  NAME ,  VORNAME ,  STRASSE ,  PLZ ,  ORT ,  TELEFON_GESCH ,  TELEFON_PRIVAT ,  EMAIL ,  ZAHLUNGSART ) VALUES (58, 'Kay', 'Sylvia', 'Gutzkowstraße 58', '21079', 'Hamburg', '95847772', '17584637', 'kay@web-postfaecher.de', 'R');
INSERT INTO  KUNDE  ( KUNDENNR ,  NAME ,  VORNAME ,  STRASSE ,  PLZ ,  ORT ,  TELEFON_GESCH ,  TELEFON_PRIVAT ,  EMAIL ,  ZAHLUNGSART ) VALUES (59, 'Singer', 'Alex', 'Neumoorstück 15', '20459', 'Hamburg', '96857682', '19685733', 'alex@lola.com', 'N');
INSERT INTO  KUNDE  ( KUNDENNR ,  NAME ,  VORNAME ,  STRASSE ,  PLZ ,  ORT ,  TELEFON_GESCH ,  TELEFON_PRIVAT ,  EMAIL ,  ZAHLUNGSART ) VALUES (60, 'Zagorsky', 'Annette', 'Isarstraße 75', '30559', 'Hannover', '286957483', '10395738', 'annette@zagorsky-verlag-und-druck.de', 'R');
INSERT INTO  KUNDE  ( KUNDENNR ,  NAME ,  VORNAME ,  STRASSE ,  PLZ ,  ORT ,  TELEFON_GESCH ,  TELEFON_PRIVAT ,  EMAIL ,  ZAHLUNGSART ) VALUES (61, 'Hecht', 'Gina', 'Schulgasse 28', '65207', 'Wiesbaden', '195748372', '83746293', 'gina.hecht@on-line.de', 'R');
INSERT INTO  KUNDE  ( KUNDENNR ,  NAME ,  VORNAME ,  STRASSE ,  PLZ ,  ORT ,  TELEFON_GESCH ,  TELEFON_PRIVAT ,  EMAIL ,  ZAHLUNGSART ) VALUES (62, 'Penner', 'Jonathan', 'Von-Lapp-Straße 66', '53125', 'Bonn', '17581253', '28547639', 'penner@lola.com', 'B');
INSERT INTO  KUNDE  ( KUNDENNR ,  NAME ,  VORNAME ,  STRASSE ,  PLZ ,  ORT ,  TELEFON_GESCH ,  TELEFON_PRIVAT ,  EMAIL ,  ZAHLUNGSART ) VALUES (63, 'Kampmann', 'Stefan', 'Gustav-Mahler-Straße 64', '50733', 'Köln', '19463827', '12647366', 'kampmann@computer-kampmann.de', 'R');
INSERT INTO  KUNDE  ( KUNDENNR ,  NAME ,  VORNAME ,  STRASSE ,  PLZ ,  ORT ,  TELEFON_GESCH ,  TELEFON_PRIVAT ,  EMAIL ,  ZAHLUNGSART ) VALUES (64, 'Rasche', 'David', 'Boxgraben 9', '52078', 'Aachen', '18675943', '19574838', 'dave@com-cafe.de', 'N');
INSERT INTO  KUNDE  ( KUNDENNR ,  NAME ,  VORNAME ,  STRASSE ,  PLZ ,  ORT ,  TELEFON_GESCH ,  TELEFON_PRIVAT ,  EMAIL ,  ZAHLUNGSART ) VALUES (65, 'Wolf', 'Susanne', 'Veilchenstieg 26', '22297', 'Hamburg', '96857486', '768574676', 'susi.wolf@on-line.de', 'R');
INSERT INTO  KUNDE  ( KUNDENNR ,  NAME ,  VORNAME ,  STRASSE ,  PLZ ,  ORT ,  TELEFON_GESCH ,  TELEFON_PRIVAT ,  EMAIL ,  ZAHLUNGSART ) VALUES (66, 'Barber', 'Paul', 'Mühlenweg 19', '10405', 'Berlin', NULL, '46375483', NULL, 'R');
INSERT INTO  KUNDE  ( KUNDENNR ,  NAME ,  VORNAME ,  STRASSE ,  PLZ ,  ORT ,  TELEFON_GESCH ,  TELEFON_PRIVAT ,  EMAIL ,  ZAHLUNGSART ) VALUES (67, 'Martin', 'Melanie', 'Löwengasse 17', '51105', 'Köln', '57465748', '97867586', 'melanie.martin@on-line.de', 'R');
INSERT INTO  KUNDE  ( KUNDENNR ,  NAME ,  VORNAME ,  STRASSE ,  PLZ ,  ORT ,  TELEFON_GESCH ,  TELEFON_PRIVAT ,  EMAIL ,  ZAHLUNGSART ) VALUES (68, 'Lukas', 'Karl', 'Max-Hartig-Weg 20', '60386', 'Frankfurt Main', '91657438', '35462817', 'k.lukas@lola.com', 'N');
INSERT INTO  KUNDE  ( KUNDENNR ,  NAME ,  VORNAME ,  STRASSE ,  PLZ ,  ORT ,  TELEFON_GESCH ,  TELEFON_PRIVAT ,  EMAIL ,  ZAHLUNGSART ) VALUES (69, 'Zucker', 'David', 'Abbestraße 38', '09114', 'Chemnitz', '97860231', '16453271', 'd.zucker@zucker-suess.de', 'R');
INSERT INTO  KUNDE  ( KUNDENNR ,  NAME ,  VORNAME ,  STRASSE ,  PLZ ,  ORT ,  TELEFON_GESCH ,  TELEFON_PRIVAT ,  EMAIL ,  ZAHLUNGSART ) VALUES (70, 'Sim', 'Gerald', 'Lobositzstraße 63', '51103', 'Köln', '57463892', '18675290', 'gerald.s@on-line.de', 'R'); 
INSERT INTO  KUNDE  ( KUNDENNR ,  NAME ,  VORNAME ,  STRASSE ,  PLZ ,  ORT ,  TELEFON_GESCH ,  TELEFON_PRIVAT ,  EMAIL ,  ZAHLUNGSART ) VALUES (71, 'Arnold', 'Thomas', 'Industriestraße 543', '21109', 'Hamburg', '18796851', '57481503', 'tom@mayim-bialik-fans.de', 'B');
INSERT INTO  KUNDE  ( KUNDENNR ,  NAME ,  VORNAME ,  STRASSE ,  PLZ ,  ORT ,  TELEFON_GESCH ,  TELEFON_PRIVAT ,  EMAIL ,  ZAHLUNGSART ) VALUES (72, 'Hart', 'Melissa', 'Gurkenweg 4', '30655', 'Hannover', '94768592', '37685749', 'lisa.hart@lola.com', 'R');
INSERT INTO  KUNDE  ( KUNDENNR ,  NAME ,  VORNAME ,  STRASSE ,  PLZ ,  ORT ,  TELEFON_GESCH ,  TELEFON_PRIVAT ,  EMAIL ,  ZAHLUNGSART ) VALUES (73, 'Ure', 'Gudrun', 'Lochumer Weg 23', '50668', 'Köln', NULL, '28675942', 'gudrun.ure@on-line.de', 'N');
INSERT INTO  KUNDE  ( KUNDENNR ,  NAME ,  VORNAME ,  STRASSE ,  PLZ ,  ORT ,  TELEFON_GESCH ,  TELEFON_PRIVAT ,  EMAIL ,  ZAHLUNGSART ) VALUES (74, 'Anwar', 'Mina', 'Putzdelle 86', '51379', 'Leverkusen', '19675849', '16574638', 'm.anwar@on-line.de', 'N'); 
INSERT INTO  KUNDE  ( KUNDENNR ,  NAME ,  VORNAME ,  STRASSE ,  PLZ ,  ORT ,  TELEFON_GESCH ,  TELEFON_PRIVAT ,  EMAIL ,  ZAHLUNGSART ) VALUES (75, 'Kerr', 'Annette', 'Brander Heide 37', '52066', 'Aachen', '19786758', '97867592', 'anette.kerr@modehaus-kerr-aachen.de', 'R');
INSERT INTO  KUNDE  ( KUNDENNR ,  NAME ,  VORNAME ,  STRASSE ,  PLZ ,  ORT ,  TELEFON_GESCH ,  TELEFON_PRIVAT ,  EMAIL ,  ZAHLUNGSART ) VALUES (76, 'Lembeck', 'Helene', 'Fuldaer Straße 73', '60486', 'Frankfurt Main', '67581930', '19786024', 'lele39@on-line.de', 'V');
INSERT INTO  KUNDE  ( KUNDENNR ,  NAME ,  VORNAME ,  STRASSE ,  PLZ ,  ORT ,  TELEFON_GESCH ,  TELEFON_PRIVAT ,  EMAIL ,  ZAHLUNGSART ) VALUES (77, 'Fleischer', 'Karl', 'Kriemhildstraße 38', '21109', 'Hamburg', '18695783', '97867261', 'fleischer@web-postfaecher.de', 'R');
INSERT INTO  KUNDE  ( KUNDENNR ,  NAME ,  VORNAME ,  STRASSE ,  PLZ ,  ORT ,  TELEFON_GESCH ,  TELEFON_PRIVAT ,  EMAIL ,  ZAHLUNGSART ) VALUES (78, 'Kaufmann', 'Andreas', 'Fabriciusstieg 47', '20257', 'Hamburg', '96847392', '53427164', 'andreas.kaufmann@zmuda.de', 'K');
INSERT INTO  KUNDE  ( KUNDENNR ,  NAME ,  VORNAME ,  STRASSE ,  PLZ ,  ORT ,  TELEFON_GESCH ,  TELEFON_PRIVAT ,  EMAIL ,  ZAHLUNGSART ) VALUES (79, 'Eles', 'Sandor', 'Diedenhofer Straße 63', '22419', 'Hamburg', '98362781', '87926715', 'sandor.eles@on-line.de', 'R');
INSERT INTO  KUNDE  ( KUNDENNR ,  NAME ,  VORNAME ,  STRASSE ,  PLZ ,  ORT ,  TELEFON_GESCH ,  TELEFON_PRIVAT ,  EMAIL ,  ZAHLUNGSART ) VALUES (80, 'Voland', 'Herbert', 'Düsseldorfer Straße 90', '50939', 'Köln', '86932710', '83756493', 'herbert.voland@on-line.de', 'R');
INSERT INTO  KUNDE  ( KUNDENNR ,  NAME ,  VORNAME ,  STRASSE ,  PLZ ,  ORT ,  TELEFON_GESCH ,  TELEFON_PRIVAT ,  EMAIL ,  ZAHLUNGSART ) VALUES (81, 'Stoller', 'Alfred', 'Voltastraße 53', '60388', 'Frankfurt Main', '00418673', '65884192', 'alfi.stoller@lola.com', 'N');
INSERT INTO  KUNDE  ( KUNDENNR ,  NAME ,  VORNAME ,  STRASSE ,  PLZ ,  ORT ,  TELEFON_GESCH ,  TELEFON_PRIVAT ,  EMAIL ,  ZAHLUNGSART ) VALUES (82, 'Martin', 'Georg', 'Hermesgasse 17', '51145', 'Köln', '29675813', '16475855', 'g.martin@web-postfaecher.de', 'B');
INSERT INTO  KUNDE  ( KUNDENNR ,  NAME ,  VORNAME ,  STRASSE ,  PLZ ,  ORT ,  TELEFON_GESCH ,  TELEFON_PRIVAT ,  EMAIL ,  ZAHLUNGSART ) VALUES (83, 'Durdan', 'Richard', 'Görlitzer Straße 41', '60313', 'Frankfurt Main', '96815376', '27681930', 'dickdurdan@lola.com', 'K');
INSERT INTO  KUNDE  ( KUNDENNR ,  NAME ,  VORNAME ,  STRASSE ,  PLZ ,  ORT ,  TELEFON_GESCH ,  TELEFON_PRIVAT ,  EMAIL ,  ZAHLUNGSART ) VALUES (84, 'Bonner', 'Frank', 'Shakespeareplatz 35', '14055', 'Berlin', '36277361', '17564832', 'frank.bonner2@on-line.de', 'R');
INSERT INTO  KUNDE  ( KUNDENNR ,  NAME ,  VORNAME ,  STRASSE ,  PLZ ,  ORT ,  TELEFON_GESCH ,  TELEFON_PRIVAT ,  EMAIL ,  ZAHLUNGSART ) VALUES (85, 'Baden-Semper', 'Nina', 'Brookdamm 68', '20457', 'Hamburg', '27564932', '04437193', 'nina@web-postfaecher.de', 'R');
INSERT INTO  KUNDE  ( KUNDENNR ,  NAME ,  VORNAME ,  STRASSE ,  PLZ ,  ORT ,  TELEFON_GESCH ,  TELEFON_PRIVAT ,  EMAIL ,  ZAHLUNGSART ) VALUES (86, 'Mandan', 'Robert', 'Kösener Weg 8', '40489', 'Düsseldorf', '56473329', '17564932', 'robert.mandan@on-line.de', 'N');
INSERT INTO  KUNDE  ( KUNDENNR ,  NAME ,  VORNAME ,  STRASSE ,  PLZ ,  ORT ,  TELEFON_GESCH ,  TELEFON_PRIVAT ,  EMAIL ,  ZAHLUNGSART ) VALUES (87, 'Fenacolini', 'Anna', 'Josef-Hirn-Platz 4', '50597', 'Stuttgart', '19685493', '57463829', 'anna.fenacolini@stuttgart-uni.de', 'R');
INSERT INTO  KUNDE  ( KUNDENNR ,  NAME ,  VORNAME ,  STRASSE ,  PLZ ,  ORT ,  TELEFON_GESCH ,  TELEFON_PRIVAT ,  EMAIL ,  ZAHLUNGSART ) VALUES (88, 'Hordern', 'Michael', 'Schwengelkamp 44', '20255', 'Hamburg', '19685723', '375847650', 'michael.hordern@on-line.de', 'R');
INSERT INTO  KUNDE  ( KUNDENNR ,  NAME ,  VORNAME ,  STRASSE ,  PLZ ,  ORT ,  TELEFON_GESCH ,  TELEFON_PRIVAT ,  EMAIL ,  ZAHLUNGSART ) VALUES (89, 'Dane', 'Alexandra', 'Langeler Kreuzweg 92', '51063', 'Köln', '195647382', '95768323', 'xandra@fc-koelle-for-ever.de', 'N');
INSERT INTO  KUNDE  ( KUNDENNR ,  NAME ,  VORNAME ,  STRASSE ,  PLZ ,  ORT ,  TELEFON_GESCH ,  TELEFON_PRIVAT ,  EMAIL ,  ZAHLUNGSART ) VALUES (90, 'Scolari', 'Peter', 'Ella-Kay-Straße 85', '13357', 'Berlin', '18574639', '26574619', 'peter.scolari@on-line.de', 'R');
INSERT INTO  KUNDE  ( KUNDENNR ,  NAME ,  VORNAME ,  STRASSE ,  PLZ ,  ORT ,  TELEFON_GESCH ,  TELEFON_PRIVAT ,  EMAIL ,  ZAHLUNGSART ) VALUES (91, 'Herbert', 'Philipp', 'Am Pulverhof 52', '22045', 'Hamburg', '28576462', '82868584', 'philipp.herbert@lola.com', 'R');
INSERT INTO  KUNDE  ( KUNDENNR ,  NAME ,  VORNAME ,  STRASSE ,  PLZ ,  ORT ,  TELEFON_GESCH ,  TELEFON_PRIVAT ,  EMAIL ,  ZAHLUNGSART ) VALUES (92, 'Kraft', 'Robert', 'Hohenzollernring 103', '14129', 'Berlin', '18463728', '07869237', 'kraft@tierhaus-kraft.de', 'N');
INSERT INTO  KUNDE  ( KUNDENNR ,  NAME ,  VORNAME ,  STRASSE ,  PLZ ,  ORT ,  TELEFON_GESCH ,  TELEFON_PRIVAT ,  EMAIL ,  ZAHLUNGSART ) VALUES (93, 'Donner', 'Robert', 'Bebelplatz 12', '51149', 'Köln', '18679684', '37586472', 'donner@donner-und-blitz-medien.de', 'R');
INSERT INTO  KUNDE  ( KUNDENNR ,  NAME ,  VORNAME ,  STRASSE ,  PLZ ,  ORT ,  TELEFON_GESCH ,  TELEFON_PRIVAT ,  EMAIL ,  ZAHLUNGSART ) VALUES (94, 'Sadowsky', 'Adam', 'Colmarer Straße 73', '28327', 'Bremen', '96857328', '17564834', 'adam.sadowsky@on-line.de', 'R');
INSERT INTO  KUNDE  ( KUNDENNR ,  NAME ,  VORNAME ,  STRASSE ,  PLZ ,  ORT ,  TELEFON_GESCH ,  TELEFON_PRIVAT ,  EMAIL ,  ZAHLUNGSART ) VALUES (95, 'Hartman', 'Philipp', 'Hamburger Hochstraße 19', '22767', 'Hamburg', '29371826', '85647291', 'philipp@radio-bill.de', 'N');
INSERT INTO  KUNDE  ( KUNDENNR ,  NAME ,  VORNAME ,  STRASSE ,  PLZ ,  ORT ,  TELEFON_GESCH ,  TELEFON_PRIVAT ,  EMAIL ,  ZAHLUNGSART ) VALUES (96, 'Piekarsky', 'Julia', 'Quinxer Straße 6', '52074', 'Aachen', '28574639', '17685743', 'piekarsky@web-postfaecher.de', 'R');
INSERT INTO  KUNDE  ( KUNDENNR ,  NAME ,  VORNAME ,  STRASSE ,  PLZ ,  ORT ,  TELEFON_GESCH ,  TELEFON_PRIVAT ,  EMAIL ,  ZAHLUNGSART ) VALUES (97, 'Eiding', 'Paul', 'Goerdelerstraße 37', '65195', 'Wiesbaden', NULL, '27564832', NULL, 'N');
INSERT INTO  KUNDE  ( KUNDENNR ,  NAME ,  VORNAME ,  STRASSE ,  PLZ ,  ORT ,  TELEFON_GESCH ,  TELEFON_PRIVAT ,  EMAIL ,  ZAHLUNGSART ) VALUES (98, 'Ritter', 'Hannes', 'Emschertalstraße 73', '44149', 'Dortmund', '27584637', NULL, 'hannes.ritter@lola.com', 'R');
INSERT INTO  KUNDE  ( KUNDENNR ,  NAME ,  VORNAME ,  STRASSE ,  PLZ ,  ORT ,  TELEFON_GESCH ,  TELEFON_PRIVAT ,  EMAIL ,  ZAHLUNGSART ) VALUES (99, 'Adrian', 'Iris', 'Vulkanstraße 46', '50677', 'Köln', '18675943', '27564839', 'iris.adrian@on-line.de', 'N');
INSERT INTO  KUNDE  ( KUNDENNR ,  NAME ,  VORNAME ,  STRASSE ,  PLZ ,  ORT ,  TELEFON_GESCH ,  TELEFON_PRIVAT ,  EMAIL ,  ZAHLUNGSART ) VALUES (100, 'Slotky', 'Anna', 'Anita-Ree-Straße 61', '22087', 'Hamburg', '28574635', '29186753', 'slotky@zzzorro.de', 'K');



CREATE TABLE `MITARBEITER`(
    `MITARBEITERNR` INTEGER NOT NULL,
    `NAME` VARCHAR(50),
    `VORNAME` VARCHAR(50),
    `STRASSE` VARCHAR(50),
    `PLZ` CHAR(14),
    `ORT` VARCHAR(50),
    `GEHALT` DECIMAL(10, 2 ),
    `ABTEILUNGSNR` INTEGER,
    `TELEFONNUMMER` VARCHAR(25),
    `EMAIL` VARCHAR(50),
    `EINTRITTSDATUM` DATE,
    PRIMARY KEY (`MITARBEITERNR`)
);

#ALTER TABLE  MITARBEITER  ADD FOREIGN KEY ( ABTEILUNGNR ) REFERENCES ABTEILUNG ( ABTEILUNGSNR );

INSERT INTO  MITARBEITER  ( MITARBEITERNR ,  NAME ,  VORNAME ,  STRASSE ,  PLZ ,  ORT ,  GEHALT ,  ABTEILUNGSNR ,  TELEFONNUMMER ,  EMAIL ,  EINTRITTSDATUM ) VALUES (1, 'Ross', 'Hagen', 'Hauptstraße 67', '53123', 'Bonn', 7500, 1, '43567890', 'hagen.ross@beispielfirma.de', '1986-01-01');
INSERT INTO  MITARBEITER  ( MITARBEITERNR ,  NAME ,  VORNAME ,  STRASSE ,  PLZ ,  ORT ,  GEHALT ,  ABTEILUNGSNR,  TELEFONNUMMER ,  EMAIL ,  EINTRITTSDATUM ) VALUES (2, 'Roberts', 'Patrick', 'Schillerstraße 154', '53229', 'Bonn', 7000, 1, '98761462', 'p.roberts@beispielfirma.de', '1986-01-01');
INSERT INTO  MITARBEITER  ( MITARBEITERNR ,  NAME ,  VORNAME ,  STRASSE ,  PLZ ,  ORT ,  GEHALT ,  ABTEILUNGSNR ,  TELEFONNUMMER ,  EMAIL ,  EINTRITTSDATUM ) VALUES (3, 'Hummer', 'Stefan', 'Sonnenhag 74', '53175', 'Bonn', 7000, 1, '98120421', 'stefanhummer@beispielfirma.de', '1986-01-01');
INSERT INTO  MITARBEITER  ( MITARBEITERNR ,  NAME ,  VORNAME ,  STRASSE ,  PLZ ,  ORT ,  GEHALT ,  ABTEILUNGSNR ,  TELEFONNUMMER ,  EMAIL ,  EINTRITTSDATUM ) VALUES (4, 'Gerhard', 'David', 'Nibelungenstraße 21', '52115', 'Bonn', 2500, 2, '67294738', 'dave.g@beispielfirma.de', '1986-01-01');
INSERT INTO  MITARBEITER  ( MITARBEITERNR ,  NAME ,  VORNAME ,  STRASSE ,  PLZ ,  ORT ,  GEHALT ,  ABTEILUNGSNR ,  TELEFONNUMMER ,  EMAIL ,  EINTRITTSDATUM ) VALUES (5, 'Weinert', 'Eduard', 'Quellenweg 57', '53177', 'Bonn', 2000, 2, '78646193', 'eduard.weinert@beispielfirma.de', '1986-01-01');
INSERT INTO  MITARBEITER  ( MITARBEITERNR ,  NAME ,  VORNAME ,  STRASSE ,  PLZ ,  ORT ,  GEHALT ,  ABTEILUNGSNR ,  TELEFONNUMMER ,  EMAIL ,  EINTRITTSDATUM ) VALUES (6, 'Michaels', 'Connie', 'Benedek Straße 5', '53756', 'St. Augustin', 2500, 3, '12345655', 'connie.michaels@beispielfirma.de', '1986-01-01');
INSERT INTO  MITARBEITER  ( MITARBEITERNR ,  NAME ,  VORNAME ,  STRASSE ,  PLZ ,  ORT ,  GEHALT ,  ABTEILUNGSNR ,  TELEFONNUMMER ,  EMAIL ,  EINTRITTSDATUM ) VALUES (7, 'Osser', 'Bernd', 'Usambaraweg 28', '50732', 'Köln', 2200, 3, '27913020', 'b.osser@beispielfirma.de', '1986-01-01');
INSERT INTO  MITARBEITER  ( MITARBEITERNR ,  NAME ,  VORNAME ,  STRASSE ,  PLZ ,  ORT ,  GEHALT ,  ABTEILUNGSNR ,  TELEFONNUMMER ,  EMAIL ,  EINTRITTSDATUM ) VALUES (8, 'Koppes', 'Karin', 'Kopenhagener Straße 34', '53177', 'Bonn', 2400, 4, '98766754', 'karin.koppes@beispielfirma.de', '1986-01-01');
INSERT INTO  MITARBEITER  ( MITARBEITERNR ,  NAME ,  VORNAME ,  STRASSE ,  PLZ ,  ORT ,  GEHALT ,  ABTEILUNGSNR ,  TELEFONNUMMER ,  EMAIL ,  EINTRITTSDATUM ) VALUES (9, 'Wilding', 'Alexander', 'Sedanstraße 172', '53229', 'Bonn', 2300, 4, '28652947', 'alex.wilding@beispielfirma.de', '1986-01-01');
INSERT INTO  MITARBEITER  ( MITARBEITERNR ,  NAME ,  VORNAME ,  STRASSE ,  PLZ ,  ORT ,  GEHALT ,  ABTEILUNGSNR ,  TELEFONNUMMER ,  EMAIL ,  EINTRITTSDATUM ) VALUES (10, 'Schmidt', 'Peter', 'Konrad-Adenauer-Straße 49', '50997', 'Köln', 2500, 5, '68371020', 'p.schmidt@beispielfirma.de', '1986-01-01');
INSERT INTO  MITARBEITER  ( MITARBEITERNR ,  NAME ,  VORNAME ,  STRASSE ,  PLZ ,  ORT ,  GEHALT ,  ABTEILUNGSNR ,  TELEFONNUMMER ,  EMAIL ,  EINTRITTSDATUM ) VALUES (11, 'Müller', 'Ole', 'Lutherstraße 4', '50823', 'Köln', 2600, 5, '682037741', 'o.mueller@beispielfirma.de', '1986-01-01');
INSERT INTO  MITARBEITER  ( MITARBEITERNR ,  NAME ,  VORNAME ,  STRASSE ,  PLZ ,  ORT ,  GEHALT ,  ABTEILUNGSNR ,  TELEFONNUMMER ,  EMAIL ,  EINTRITTSDATUM ) VALUES (12, 'Meier', 'Wilhelm', 'Römerstraße 53', '53229', 'Bonn', 2400, 5, '91821573', 'willi.meier@beispielfirma.de', '1986-01-01');
INSERT INTO  MITARBEITER  ( MITARBEITERNR ,  NAME ,  VORNAME ,  STRASSE ,  PLZ ,  ORT ,  GEHALT ,  ABTEILUNGSNR ,  TELEFONNUMMER ,  EMAIL ,  EINTRITTSDATUM ) VALUES (13, 'Schiff', 'Martin', 'Truchseßstraße 74', '53127', 'Bonn', 2500, 5, '65744583', 'martin.schiff@beispielfirma.de', '1986-01-01');
INSERT INTO  MITARBEITER  ( MITARBEITERNR ,  NAME ,  VORNAME ,  STRASSE ,  PLZ ,  ORT ,  GEHALT ,  ABTEILUNGSNR ,  TELEFONNUMMER ,  EMAIL ,  EINTRITTSDATUM ) VALUES (14, 'Lehne', 'Luise', 'Lyngsbergstraße 93', '53113', 'Bonn', 2000, 6, '12341756', 'luise.lehne@beispielfirma.de', '1986-01-01');
INSERT INTO  MITARBEITER  ( MITARBEITERNR ,  NAME ,  VORNAME ,  STRASSE ,  PLZ ,  ORT ,  GEHALT ,  ABTEILUNGSNR ,  TELEFONNUMMER ,  EMAIL ,  EINTRITTSDATUM ) VALUES (15, 'Remsen', 'Kevin', 'Nonnenstrombergstraße 22', '50672', 'Köln', 1800, 6, '94128882', 'kevin.remsen@beispielfirma.de', '1986-01-01');
INSERT INTO  MITARBEITER  ( MITARBEITERNR ,  NAME ,  VORNAME ,  STRASSE ,  PLZ ,  ORT ,  GEHALT ,  TELEFONNUMMER ,  EMAIL ,  EINTRITTSDATUM ) VALUES (16, 'Steini', 'Klaus', 'Nonnenstrombergstraße 22', '97286', 'Sommerhausen', 1900, '233232', 'stein.klaus@beispielfirma.de', '1986-01-01');





CREATE TABLE `MWSTSATZ`(
    `MWSTNR` INTEGER NOT NULL,
    `PROZENT` DECIMAL(4, 2 ),
    PRIMARY KEY (`MWSTNR`)
);


INSERT INTO  MWSTSATZ  ( MWSTNR ,  PROZENT ) VALUES (1, 7);
INSERT INTO  MWSTSATZ  ( MWSTNR ,  PROZENT ) VALUES (2, 19);










CREATE TABLE `POSTEN`(
    `BESTELLNR` INTEGER NOT NULL,
    `ARTIKELNR` INTEGER NOT NULL,
    `BESTELLMENGE` INTEGER,
    `LIEFERMENGE` INTEGER,
    PRIMARY KEY (BESTELLNR, ARTIKELNR)
    
);


#ALTER TABLE  POSTEN  ADD FOREIGN KEY ( ARTIKELNR ) REFERENCES ARTIKEL ( ARTIKELNR );


INSERT INTO  POSTEN  ( BESTELLNR ,  ARTIKELNR ,  BESTELLMENGE ,  LIEFERMENGE ) VALUES (1, 1, 1, 1);
INSERT INTO  POSTEN  ( BESTELLNR ,  ARTIKELNR ,  BESTELLMENGE ,  LIEFERMENGE ) VALUES (1, 2, 1, 1);
INSERT INTO  POSTEN  ( BESTELLNR ,  ARTIKELNR ,  BESTELLMENGE ,  LIEFERMENGE ) VALUES (2, 34, 2, 2);
INSERT INTO  POSTEN  ( BESTELLNR ,  ARTIKELNR ,  BESTELLMENGE ,  LIEFERMENGE ) VALUES (3, 20, 1, 1);
INSERT INTO  POSTEN  ( BESTELLNR ,  ARTIKELNR ,  BESTELLMENGE ,  LIEFERMENGE ) VALUES (3, 11, 1, 1);
INSERT INTO  POSTEN  ( BESTELLNR ,  ARTIKELNR ,  BESTELLMENGE ,  LIEFERMENGE ) VALUES (4, 45, 1, 1);
INSERT INTO  POSTEN  ( BESTELLNR ,  ARTIKELNR ,  BESTELLMENGE ,  LIEFERMENGE ) VALUES (5, 19, 1, 1);
INSERT INTO  POSTEN  ( BESTELLNR ,  ARTIKELNR ,  BESTELLMENGE ,  LIEFERMENGE ) VALUES (6, 46, 2, 2);
INSERT INTO  POSTEN  ( BESTELLNR ,  ARTIKELNR ,  BESTELLMENGE ,  LIEFERMENGE ) VALUES (7, 8, 1, 1);
INSERT INTO  POSTEN  ( BESTELLNR ,  ARTIKELNR ,  BESTELLMENGE ,  LIEFERMENGE ) VALUES (7, 37, 1, 1);
INSERT INTO  POSTEN  ( BESTELLNR ,  ARTIKELNR ,  BESTELLMENGE ,  LIEFERMENGE ) VALUES (8, 12, 1, 1);
INSERT INTO  POSTEN  ( BESTELLNR ,  ARTIKELNR ,  BESTELLMENGE ,  LIEFERMENGE ) VALUES (9, 39, 1, 1);
INSERT INTO  POSTEN  ( BESTELLNR ,  ARTIKELNR ,  BESTELLMENGE ,  LIEFERMENGE ) VALUES (10, 30, 1, 1);
INSERT INTO  POSTEN  ( BESTELLNR ,  ARTIKELNR ,  BESTELLMENGE ,  LIEFERMENGE ) VALUES (10, 25, 1, 1);
INSERT INTO  POSTEN  ( BESTELLNR ,  ARTIKELNR ,  BESTELLMENGE ,  LIEFERMENGE ) VALUES (11, 20, 1, 1);
INSERT INTO  POSTEN  ( BESTELLNR ,  ARTIKELNR ,  BESTELLMENGE ,  LIEFERMENGE ) VALUES (12, 36, 1, 1);
INSERT INTO  POSTEN  ( BESTELLNR ,  ARTIKELNR ,  BESTELLMENGE ,  LIEFERMENGE ) VALUES (13, 41, 1, 1);
INSERT INTO  POSTEN  ( BESTELLNR ,  ARTIKELNR ,  BESTELLMENGE ,  LIEFERMENGE ) VALUES (13, 49, 1, 1);
INSERT INTO  POSTEN  ( BESTELLNR ,  ARTIKELNR ,  BESTELLMENGE ,  LIEFERMENGE ) VALUES (14, 6, 3, 3);
INSERT INTO  POSTEN  ( BESTELLNR ,  ARTIKELNR ,  BESTELLMENGE ,  LIEFERMENGE ) VALUES (15, 36, 1, 1);
INSERT INTO  POSTEN  ( BESTELLNR ,  ARTIKELNR ,  BESTELLMENGE ,  LIEFERMENGE ) VALUES (16, 21, 4, 4);
INSERT INTO  POSTEN  ( BESTELLNR ,  ARTIKELNR ,  BESTELLMENGE ,  LIEFERMENGE ) VALUES (17, 34, 1, 1);
INSERT INTO  POSTEN  ( BESTELLNR ,  ARTIKELNR ,  BESTELLMENGE ,  LIEFERMENGE ) VALUES (18, 34, 1, 1);
INSERT INTO  POSTEN  ( BESTELLNR ,  ARTIKELNR ,  BESTELLMENGE ,  LIEFERMENGE ) VALUES (19, 41, 1, 1);
INSERT INTO  POSTEN  ( BESTELLNR ,  ARTIKELNR ,  BESTELLMENGE ,  LIEFERMENGE ) VALUES (20, 17, 1, 1);
INSERT INTO  POSTEN  ( BESTELLNR ,  ARTIKELNR ,  BESTELLMENGE ,  LIEFERMENGE ) VALUES (21, 2, 3, 3);
INSERT INTO  POSTEN  ( BESTELLNR ,  ARTIKELNR ,  BESTELLMENGE ,  LIEFERMENGE ) VALUES (22, 19, 1, 1);
INSERT INTO  POSTEN  ( BESTELLNR ,  ARTIKELNR ,  BESTELLMENGE ,  LIEFERMENGE ) VALUES (23, 32, 1, 1);
INSERT INTO  POSTEN  ( BESTELLNR ,  ARTIKELNR ,  BESTELLMENGE ,  LIEFERMENGE ) VALUES (24, 14, 2, 2);
INSERT INTO  POSTEN  ( BESTELLNR ,  ARTIKELNR ,  BESTELLMENGE ,  LIEFERMENGE ) VALUES (25, 28, 1, 1);
INSERT INTO  POSTEN  ( BESTELLNR ,  ARTIKELNR ,  BESTELLMENGE ,  LIEFERMENGE ) VALUES (26, 8, 1, 1);
INSERT INTO  POSTEN  ( BESTELLNR ,  ARTIKELNR ,  BESTELLMENGE ,  LIEFERMENGE ) VALUES (26, 21, 2, 2);
INSERT INTO  POSTEN  ( BESTELLNR ,  ARTIKELNR ,  BESTELLMENGE ,  LIEFERMENGE ) VALUES (27, 36, 1, 1);
INSERT INTO  POSTEN  ( BESTELLNR ,  ARTIKELNR ,  BESTELLMENGE ,  LIEFERMENGE ) VALUES (28, 40, 1, 1);
INSERT INTO  POSTEN  ( BESTELLNR ,  ARTIKELNR ,  BESTELLMENGE ,  LIEFERMENGE ) VALUES (29, 4, 1, 1);
INSERT INTO  POSTEN  ( BESTELLNR ,  ARTIKELNR ,  BESTELLMENGE ,  LIEFERMENGE ) VALUES (29, 27, 1, 1);
INSERT INTO  POSTEN  ( BESTELLNR ,  ARTIKELNR ,  BESTELLMENGE ,  LIEFERMENGE ) VALUES (29, 43, 1, 1);
INSERT INTO  POSTEN  ( BESTELLNR ,  ARTIKELNR ,  BESTELLMENGE ,  LIEFERMENGE ) VALUES (30, 28, 3, 3);
INSERT INTO  POSTEN  ( BESTELLNR ,  ARTIKELNR ,  BESTELLMENGE ,  LIEFERMENGE ) VALUES (31, 15, 1, 1);
INSERT INTO  POSTEN  ( BESTELLNR ,  ARTIKELNR ,  BESTELLMENGE ,  LIEFERMENGE ) VALUES (32, 18, 1, 1);
INSERT INTO  POSTEN  ( BESTELLNR ,  ARTIKELNR ,  BESTELLMENGE ,  LIEFERMENGE ) VALUES (33, 38, 2, 2);
INSERT INTO  POSTEN  ( BESTELLNR ,  ARTIKELNR ,  BESTELLMENGE ,  LIEFERMENGE ) VALUES (34, 4, 1, 1);
INSERT INTO  POSTEN  ( BESTELLNR ,  ARTIKELNR ,  BESTELLMENGE ,  LIEFERMENGE ) VALUES (35, 25, 1, 1);
INSERT INTO  POSTEN  ( BESTELLNR ,  ARTIKELNR ,  BESTELLMENGE ,  LIEFERMENGE ) VALUES (36, 6, 2, 2);
INSERT INTO  POSTEN  ( BESTELLNR ,  ARTIKELNR ,  BESTELLMENGE ,  LIEFERMENGE ) VALUES (36, 32, 1, 1);
INSERT INTO  POSTEN  ( BESTELLNR ,  ARTIKELNR ,  BESTELLMENGE ,  LIEFERMENGE ) VALUES (37, 19, 1, 1);
INSERT INTO  POSTEN  ( BESTELLNR ,  ARTIKELNR ,  BESTELLMENGE ,  LIEFERMENGE ) VALUES (38, 42, 1, 1);
INSERT INTO  POSTEN  ( BESTELLNR ,  ARTIKELNR ,  BESTELLMENGE ,  LIEFERMENGE ) VALUES (39, 26, 1, 1);
INSERT INTO  POSTEN  ( BESTELLNR ,  ARTIKELNR ,  BESTELLMENGE ,  LIEFERMENGE ) VALUES (39, 3, 1, 1);
INSERT INTO  POSTEN  ( BESTELLNR ,  ARTIKELNR ,  BESTELLMENGE ,  LIEFERMENGE ) VALUES (40, 17, 1, 1);
INSERT INTO  POSTEN  ( BESTELLNR ,  ARTIKELNR ,  BESTELLMENGE ,  LIEFERMENGE ) VALUES (41, 23, 1, 1);
INSERT INTO  POSTEN  ( BESTELLNR ,  ARTIKELNR ,  BESTELLMENGE ,  LIEFERMENGE ) VALUES (41, 45, 1, 1);
INSERT INTO  POSTEN  ( BESTELLNR ,  ARTIKELNR ,  BESTELLMENGE ,  LIEFERMENGE ) VALUES (42, 27, 2, 2);
INSERT INTO  POSTEN  ( BESTELLNR ,  ARTIKELNR ,  BESTELLMENGE ,  LIEFERMENGE ) VALUES (43, 18, 1, 1);
INSERT INTO  POSTEN  ( BESTELLNR ,  ARTIKELNR ,  BESTELLMENGE ,  LIEFERMENGE ) VALUES (44, 24, 1, 1);
INSERT INTO  POSTEN  ( BESTELLNR ,  ARTIKELNR ,  BESTELLMENGE ,  LIEFERMENGE ) VALUES (45, 7, 1, 1);
INSERT INTO  POSTEN  ( BESTELLNR ,  ARTIKELNR ,  BESTELLMENGE ,  LIEFERMENGE ) VALUES (46, 38, 1, 1);
INSERT INTO  POSTEN  ( BESTELLNR ,  ARTIKELNR ,  BESTELLMENGE ,  LIEFERMENGE ) VALUES (47, 21, 1, 1);
INSERT INTO  POSTEN  ( BESTELLNR ,  ARTIKELNR ,  BESTELLMENGE ,  LIEFERMENGE ) VALUES (49, 32, 1, 1);
INSERT INTO  POSTEN  ( BESTELLNR ,  ARTIKELNR ,  BESTELLMENGE ,  LIEFERMENGE ) VALUES (50, 16, 2, 2);
INSERT INTO  POSTEN  ( BESTELLNR ,  ARTIKELNR ,  BESTELLMENGE ,  LIEFERMENGE ) VALUES (51, 47, 1, 1);
INSERT INTO  POSTEN  ( BESTELLNR ,  ARTIKELNR ,  BESTELLMENGE ,  LIEFERMENGE ) VALUES (51, 13, 1, 1);
INSERT INTO  POSTEN  ( BESTELLNR ,  ARTIKELNR ,  BESTELLMENGE ,  LIEFERMENGE ) VALUES (52, 28, 3, 3);
INSERT INTO  POSTEN  ( BESTELLNR ,  ARTIKELNR ,  BESTELLMENGE ,  LIEFERMENGE ) VALUES (53, 34, 1, 1);
INSERT INTO  POSTEN  ( BESTELLNR ,  ARTIKELNR ,  BESTELLMENGE ,  LIEFERMENGE ) VALUES (54, 41, 1, 1);
INSERT INTO  POSTEN  ( BESTELLNR ,  ARTIKELNR ,  BESTELLMENGE ,  LIEFERMENGE ) VALUES (55, 14, 2, 2);
INSERT INTO  POSTEN  ( BESTELLNR ,  ARTIKELNR ,  BESTELLMENGE ,  LIEFERMENGE ) VALUES (56, 29, 1, 1);
INSERT INTO  POSTEN  ( BESTELLNR ,  ARTIKELNR ,  BESTELLMENGE ,  LIEFERMENGE ) VALUES (57, 1, 1, 1);
INSERT INTO  POSTEN  ( BESTELLNR ,  ARTIKELNR ,  BESTELLMENGE ,  LIEFERMENGE ) VALUES (58, 18, 1, 1);
INSERT INTO  POSTEN  ( BESTELLNR ,  ARTIKELNR ,  BESTELLMENGE ,  LIEFERMENGE ) VALUES (59, 32, 2, 2);
INSERT INTO  POSTEN  ( BESTELLNR ,  ARTIKELNR ,  BESTELLMENGE ,  LIEFERMENGE ) VALUES (60, 24, 1, 1);
INSERT INTO  POSTEN  ( BESTELLNR ,  ARTIKELNR ,  BESTELLMENGE ,  LIEFERMENGE ) VALUES (61, 30, 1, 1);
INSERT INTO  POSTEN  ( BESTELLNR ,  ARTIKELNR ,  BESTELLMENGE ,  LIEFERMENGE ) VALUES (61, 45, 1, 1);
INSERT INTO  POSTEN  ( BESTELLNR ,  ARTIKELNR ,  BESTELLMENGE ,  LIEFERMENGE ) VALUES (62, 11, 2, 2);
INSERT INTO  POSTEN  ( BESTELLNR ,  ARTIKELNR ,  BESTELLMENGE ,  LIEFERMENGE ) VALUES (62, 38, 1, 1);
INSERT INTO  POSTEN  ( BESTELLNR ,  ARTIKELNR ,  BESTELLMENGE ,  LIEFERMENGE ) VALUES (63, 4, 1, 1);
INSERT INTO  POSTEN  ( BESTELLNR ,  ARTIKELNR ,  BESTELLMENGE ,  LIEFERMENGE ) VALUES (64, 33, 1, 1);
INSERT INTO  POSTEN  ( BESTELLNR ,  ARTIKELNR ,  BESTELLMENGE ,  LIEFERMENGE ) VALUES (64, 42, 1, 1);
INSERT INTO  POSTEN  ( BESTELLNR ,  ARTIKELNR ,  BESTELLMENGE ,  LIEFERMENGE ) VALUES (65, 10, 1, 1);
INSERT INTO  POSTEN  ( BESTELLNR ,  ARTIKELNR ,  BESTELLMENGE ,  LIEFERMENGE ) VALUES (65, 44, 1, 1);
INSERT INTO  POSTEN  ( BESTELLNR ,  ARTIKELNR ,  BESTELLMENGE ,  LIEFERMENGE ) VALUES (66, 26, 1, 1);
INSERT INTO  POSTEN  ( BESTELLNR ,  ARTIKELNR ,  BESTELLMENGE ,  LIEFERMENGE ) VALUES (66, 36, 1, 1);
INSERT INTO  POSTEN  ( BESTELLNR ,  ARTIKELNR ,  BESTELLMENGE ,  LIEFERMENGE ) VALUES (66, 49, 2, 2);
INSERT INTO  POSTEN  ( BESTELLNR ,  ARTIKELNR ,  BESTELLMENGE ,  LIEFERMENGE ) VALUES (67, 27, 1, 1);
INSERT INTO  POSTEN  ( BESTELLNR ,  ARTIKELNR ,  BESTELLMENGE ,  LIEFERMENGE ) VALUES (67, 33, 1, 1);
INSERT INTO  POSTEN  ( BESTELLNR ,  ARTIKELNR ,  BESTELLMENGE ,  LIEFERMENGE ) VALUES (68, 13, 1, 1);
INSERT INTO  POSTEN  ( BESTELLNR ,  ARTIKELNR ,  BESTELLMENGE ,  LIEFERMENGE ) VALUES (69, 7, 3, 3);
INSERT INTO  POSTEN  ( BESTELLNR ,  ARTIKELNR ,  BESTELLMENGE ,  LIEFERMENGE ) VALUES (70, 18, 1, 1);
INSERT INTO  POSTEN  ( BESTELLNR ,  ARTIKELNR ,  BESTELLMENGE ,  LIEFERMENGE ) VALUES (70, 22, 1, 1);
INSERT INTO  POSTEN  ( BESTELLNR ,  ARTIKELNR ,  BESTELLMENGE ,  LIEFERMENGE ) VALUES (70, 50, 1, 1);
INSERT INTO  POSTEN  ( BESTELLNR ,  ARTIKELNR ,  BESTELLMENGE ,  LIEFERMENGE ) VALUES (71, 6, 1, 1);
INSERT INTO  POSTEN  ( BESTELLNR ,  ARTIKELNR ,  BESTELLMENGE ,  LIEFERMENGE ) VALUES (71, 28, 1, 1);
INSERT INTO  POSTEN  ( BESTELLNR ,  ARTIKELNR ,  BESTELLMENGE ,  LIEFERMENGE ) VALUES (72, 1, 2, 2);
INSERT INTO  POSTEN  ( BESTELLNR ,  ARTIKELNR ,  BESTELLMENGE ,  LIEFERMENGE ) VALUES (72, 6, 4, 4);
INSERT INTO  POSTEN  ( BESTELLNR ,  ARTIKELNR ,  BESTELLMENGE ,  LIEFERMENGE ) VALUES (72, 10, 1, 1);
INSERT INTO  POSTEN  ( BESTELLNR ,  ARTIKELNR ,  BESTELLMENGE ,  LIEFERMENGE ) VALUES (72, 12, 2, 2);
INSERT INTO  POSTEN  ( BESTELLNR ,  ARTIKELNR ,  BESTELLMENGE ,  LIEFERMENGE ) VALUES (72, 11, 1, 1);
INSERT INTO  POSTEN  ( BESTELLNR ,  ARTIKELNR ,  BESTELLMENGE ,  LIEFERMENGE ) VALUES (73, 4, 1, 1);
INSERT INTO  POSTEN  ( BESTELLNR ,  ARTIKELNR ,  BESTELLMENGE ,  LIEFERMENGE ) VALUES (73, 43, 1, 1);
INSERT INTO  POSTEN  ( BESTELLNR ,  ARTIKELNR ,  BESTELLMENGE ,  LIEFERMENGE ) VALUES (74, 3, 1, 1);
INSERT INTO  POSTEN  ( BESTELLNR ,  ARTIKELNR ,  BESTELLMENGE ,  LIEFERMENGE ) VALUES (74, 4, 1, 1);
INSERT INTO  POSTEN  ( BESTELLNR ,  ARTIKELNR ,  BESTELLMENGE ,  LIEFERMENGE ) VALUES (74, 7, 1, 1);
INSERT INTO  POSTEN  ( BESTELLNR ,  ARTIKELNR ,  BESTELLMENGE ,  LIEFERMENGE ) VALUES (74, 9, 1, 1);
INSERT INTO  POSTEN  ( BESTELLNR ,  ARTIKELNR ,  BESTELLMENGE ,  LIEFERMENGE ) VALUES (74, 11, 1, 1);
INSERT INTO  POSTEN  ( BESTELLNR ,  ARTIKELNR ,  BESTELLMENGE ,  LIEFERMENGE ) VALUES (74, 14, 1, 1);
INSERT INTO  POSTEN  ( BESTELLNR ,  ARTIKELNR ,  BESTELLMENGE ,  LIEFERMENGE ) VALUES (74, 17, 1, 1);
INSERT INTO  POSTEN  ( BESTELLNR ,  ARTIKELNR ,  BESTELLMENGE ,  LIEFERMENGE ) VALUES (74, 20, 1, 1);
INSERT INTO  POSTEN  ( BESTELLNR ,  ARTIKELNR ,  BESTELLMENGE ,  LIEFERMENGE ) VALUES (74, 22, 1, 1);
INSERT INTO  POSTEN  ( BESTELLNR ,  ARTIKELNR ,  BESTELLMENGE ,  LIEFERMENGE ) VALUES (74, 26, 1, 1);
INSERT INTO  POSTEN  ( BESTELLNR ,  ARTIKELNR ,  BESTELLMENGE ,  LIEFERMENGE ) VALUES (74, 29, 1, 1);
INSERT INTO  POSTEN  ( BESTELLNR ,  ARTIKELNR ,  BESTELLMENGE ,  LIEFERMENGE ) VALUES (74, 34, 1, 1);
INSERT INTO  POSTEN  ( BESTELLNR ,  ARTIKELNR ,  BESTELLMENGE ,  LIEFERMENGE ) VALUES (74, 37, 1, 1);
INSERT INTO  POSTEN  ( BESTELLNR ,  ARTIKELNR ,  BESTELLMENGE ,  LIEFERMENGE ) VALUES (74, 38, 1, 1);
INSERT INTO  POSTEN  ( BESTELLNR ,  ARTIKELNR ,  BESTELLMENGE ,  LIEFERMENGE ) VALUES (74, 41, 1, 1);
INSERT INTO  POSTEN  ( BESTELLNR ,  ARTIKELNR ,  BESTELLMENGE ,  LIEFERMENGE ) VALUES (74, 42, 1, 1);
INSERT INTO  POSTEN  ( BESTELLNR ,  ARTIKELNR ,  BESTELLMENGE ,  LIEFERMENGE ) VALUES (74, 43, 1, 1);
INSERT INTO  POSTEN  ( BESTELLNR ,  ARTIKELNR ,  BESTELLMENGE ,  LIEFERMENGE ) VALUES (74, 48, 1, 1);
INSERT INTO  POSTEN  ( BESTELLNR ,  ARTIKELNR ,  BESTELLMENGE ,  LIEFERMENGE ) VALUES (74, 50, 1, 1);
INSERT INTO  POSTEN  ( BESTELLNR ,  ARTIKELNR ,  BESTELLMENGE ,  LIEFERMENGE ) VALUES (75, 5, 1, 1);
INSERT INTO  POSTEN  ( BESTELLNR ,  ARTIKELNR ,  BESTELLMENGE ,  LIEFERMENGE ) VALUES (75, 8, 1, 1);
INSERT INTO  POSTEN  ( BESTELLNR ,  ARTIKELNR ,  BESTELLMENGE ,  LIEFERMENGE ) VALUES (75, 13, 1, 1);
INSERT INTO  POSTEN  ( BESTELLNR ,  ARTIKELNR ,  BESTELLMENGE ,  LIEFERMENGE ) VALUES (75, 23, 1, 1);
INSERT INTO  POSTEN  ( BESTELLNR ,  ARTIKELNR ,  BESTELLMENGE ,  LIEFERMENGE ) VALUES (75, 26, 1, 1);
INSERT INTO  POSTEN  ( BESTELLNR ,  ARTIKELNR ,  BESTELLMENGE ,  LIEFERMENGE ) VALUES (75, 33, 1, 1);
INSERT INTO  POSTEN  ( BESTELLNR ,  ARTIKELNR ,  BESTELLMENGE ,  LIEFERMENGE ) VALUES (75, 39, 1, 1);
INSERT INTO  POSTEN  ( BESTELLNR ,  ARTIKELNR ,  BESTELLMENGE ,  LIEFERMENGE ) VALUES (75, 42, 1, 1);
INSERT INTO  POSTEN  ( BESTELLNR ,  ARTIKELNR ,  BESTELLMENGE ,  LIEFERMENGE ) VALUES (75, 49, 1, 1);
INSERT INTO  POSTEN  ( BESTELLNR ,  ARTIKELNR ,  BESTELLMENGE ,  LIEFERMENGE ) VALUES (76, 32, 1, 1);
INSERT INTO  POSTEN  ( BESTELLNR ,  ARTIKELNR ,  BESTELLMENGE ,  LIEFERMENGE ) VALUES (76, 12, 1, 1);
INSERT INTO  POSTEN  ( BESTELLNR ,  ARTIKELNR ,  BESTELLMENGE ,  LIEFERMENGE ) VALUES (76, 24, 1, 1);
INSERT INTO  POSTEN  ( BESTELLNR ,  ARTIKELNR ,  BESTELLMENGE ,  LIEFERMENGE ) VALUES (76, 3, 3, 3);
INSERT INTO  POSTEN  ( BESTELLNR ,  ARTIKELNR ,  BESTELLMENGE ,  LIEFERMENGE ) VALUES (76, 45, 2, 2);
INSERT INTO  POSTEN  ( BESTELLNR ,  ARTIKELNR ,  BESTELLMENGE ,  LIEFERMENGE ) VALUES (77, 46, 10, 10);
INSERT INTO  POSTEN  ( BESTELLNR ,  ARTIKELNR ,  BESTELLMENGE ,  LIEFERMENGE ) VALUES (77, 47, 10, 10);
INSERT INTO  POSTEN  ( BESTELLNR ,  ARTIKELNR ,  BESTELLMENGE ,  LIEFERMENGE ) VALUES (77, 48, 10, 10);
INSERT INTO  POSTEN  ( BESTELLNR ,  ARTIKELNR ,  BESTELLMENGE ,  LIEFERMENGE ) VALUES (77, 49, 10, 10);
INSERT INTO  POSTEN  ( BESTELLNR ,  ARTIKELNR ,  BESTELLMENGE ,  LIEFERMENGE ) VALUES (77, 50, 10, 10);
INSERT INTO  POSTEN  ( BESTELLNR ,  ARTIKELNR ,  BESTELLMENGE ,  LIEFERMENGE ) VALUES (78, 9, 1, 1);
INSERT INTO  POSTEN  ( BESTELLNR ,  ARTIKELNR ,  BESTELLMENGE ,  LIEFERMENGE ) VALUES (78, 16, 1, 1);
INSERT INTO  POSTEN  ( BESTELLNR ,  ARTIKELNR ,  BESTELLMENGE ,  LIEFERMENGE ) VALUES (78, 22, 1, 1);
INSERT INTO  POSTEN  ( BESTELLNR ,  ARTIKELNR ,  BESTELLMENGE ,  LIEFERMENGE ) VALUES (78, 36, 1, 1);
INSERT INTO  POSTEN  ( BESTELLNR ,  ARTIKELNR ,  BESTELLMENGE ,  LIEFERMENGE ) VALUES (78, 43, 1, 1);
INSERT INTO  POSTEN  ( BESTELLNR ,  ARTIKELNR ,  BESTELLMENGE ,  LIEFERMENGE ) VALUES (79, 34, 1, 1);
INSERT INTO  POSTEN  ( BESTELLNR ,  ARTIKELNR ,  BESTELLMENGE ,  LIEFERMENGE ) VALUES (79, 41, 1, 1);





ALTER TABLE artikel ADD FOREIGN KEY (hersteller)
    REFERENCES hersteller (herstellernr);


ALTER TABLE artikel ADD FOREIGN KEY (mwst)
    REFERENCES mwstsatz(mwstnr);


ALTER TABLE artikel ADD FOREIGN KEY (kategorie)
    REFERENCES kategorie(kategorienr);


ALTER TABLE posten ADD FOREIGN KEY (artikelnr)
    REFERENCES artikel(artikelnr);
    
 

ALTER TABLE bestellung ADD FOREIGN KEY (kundennr)
    REFERENCES kunde(kundennr);

ALTER TABLE  POSTEN  ADD FOREIGN KEY ( BESTELLNR ) 
	REFERENCES BESTELLUNG ( BESTELLNR );


ALTER TABLE mitarbeiter ADD FOREIGN KEY (abteilungsnr)
    REFERENCES abteilung(abteilungsnr);


ALTER TABLE jobticket ADD FOREIGN KEY (mitarbeiternr)
    REFERENCES mitarbeiter(mitarbeiternr);
      
       
 
